Timestamp,Thrust_0Deg (Kg),Thrust_90Deg (Kg),Thrust_180Deg (Kg),Thrust_270Deg (Kg),Total Weight (Kg),Total Thrust (N),RPM48,Torque (Nm)160,Motor Temp (°C)73,Current (A)32,Vdc (V)235,Vout(V)138,IGBT Temp(°C)74,RPM Command49,Battery_Volt(V)546,Battery_Bus_Volt(V)546,Battery_Power(W)546
2025-07-11 12:25:34.334,0.0,0.0,0.0,0.0,-0.49,-4.802,0.0,0.0,0.0,0.0,0.0,0.0,0.0,0.0,0.0,0.0,0.0
2025-07-11 12:25:34.384,0.0,0.0,0.0,0.0,-0.49,-4.802,0.0,0.0,0.0,0.0,0.0,0.0,0.0,0.0,0.0,0.0,0.0
2025-07-11 12:25:34.435,0.0,0.0,0.0,0.0,-0.49,-4.802,0.0,0.0,0.0,0.0,0.0,0.0,0.0,0.0,0.0,0.0,0.0
2025-07-11 12:25:34.485,0.0,0.0,0.0,0.0,-0.49,-4.802,0.0,0.0,0.0,0.0,0.0,0.0,0.0,0.0,0.0,0.0,0.0
2025-07-11 12:25:34.536,0.04,0.0,-0.19,0.79,0.15,1.47,0.0,0.0,0.0,0.0,0.0,0.0,0.0,0.0,0.0,0.0,0.0
2025-07-11 12:25:34.587,0.04,0.02,-0.19,0.79,0.17,1.666,0.0,0.0,0.0,0.0,0.0,0.0,0.0,0.0,0.0,0.0,0.0
2025-07-11 12:25:34.638,0.04,0.02,-0.19,0.79,0.17,1.666,0.0,0.0,0.0,0.0,0.0,0.0,0.0,0.0,0.0,0.0,0.0
2025-07-11 12:25:34.688,0.04,0.02,-0.19,0.79,0.17,1.666,0.0,0.0,0.0,0.0,0.0,0.0,0.0,0.0,0.0,0.0,0.0
2025-07-11 12:25:34.738,0.04,0.02,-0.19,0.79,0.17,1.666,0.0,0.0,0.0,0.0,0.0,0.0,0.0,0.0,0.0,0.0,0.0
2025-07-11 12:25:34.789,0.04,0.02,-0.19,0.79,0.17,1.666,0.0,0.0,0.0,0.0,0.0,0.0,0.0,0.0,0.0,0.0,0.0
2025-07-11 12:25:34.839,0.04,0.02,-0.19,0.79,0.17,1.666,0.0,0.0,0.0,0.0,0.0,0.0,0.0,0.0,0.0,0.0,0.0
2025-07-11 12:25:34.889,0.04,0.02,-0.19,0.79,0.17,1.666,0.0,0.0,0.0,0.0,0.0,0.0,0.0,0.0,0.0,0.0,0.0
2025-07-11 12:25:34.940,0.04,0.02,-0.19,0.79,0.17,1.666,0.0,0.0,0.0,0.0,0.0,0.0,0.0,0.0,0.0,0.0,0.0
2025-07-11 12:25:34.990,0.04,0.02,-0.19,0.79,0.17,1.666,0.0,0.0,0.0,0.0,0.0,0.0,0.0,0.0,0.0,0.0,0.0
2025-07-11 12:25:35.042,0.04,0.02,-0.19,0.79,0.17,1.666,0.0,0.0,0.0,0.0,0.0,0.0,0.0,0.0,0.0,0.0,0.0
2025-07-11 12:25:35.093,0.04,0.02,-0.19,0.79,0.17,1.666,0.0,0.0,0.0,0.0,0.0,0.0,0.0,0.0,0.0,0.0,0.0
2025-07-11 12:25:35.143,0.04,0.02,-0.19,0.79,0.17,1.666,0.0,0.0,0.0,0.0,0.0,0.0,0.0,0.0,0.0,0.0,0.0
2025-07-11 12:25:35.193,0.04,0.02,-0.19,0.46,-0.16,-1.568,0.0,0.0,0.0,0.0,0.0,0.0,0.0,0.0,0.0,0.0,0.0
2025-07-11 12:25:35.244,0.05,0.02,-0.19,0.46,-0.15,-1.47,0.0,0.0,0.0,0.0,0.0,0.0,0.0,0.0,0.0,0.0,0.0
2025-07-11 12:25:35.294,0.05,0.02,-0.19,0.46,-0.15,-1.47,0.0,0.0,0.0,0.0,0.0,0.0,0.0,0.0,0.0,0.0,0.0
2025-07-11 12:25:35.344,0.05,0.02,-0.19,0.46,-0.15,-1.47,0.0,0.0,0.0,0.0,0.0,0.0,0.0,0.0,0.0,0.0,0.0
2025-07-11 12:25:35.395,0.05,0.02,-0.19,0.46,-0.15,-1.47,0.0,0.0,0.0,0.0,0.0,0.0,0.0,0.0,0.0,0.0,0.0
2025-07-11 12:25:35.445,0.05,0.02,-0.19,0.46,-0.15,-1.47,0.0,0.0,0.0,0.0,0.0,0.0,0.0,0.0,0.0,0.0,0.0
2025-07-11 12:25:35.495,0.05,0.02,-0.19,0.46,-0.15,-1.47,0.0,0.0,0.0,0.0,0.0,0.0,0.0,0.0,0.0,0.0,0.0
2025-07-11 12:25:35.546,0.05,0.02,-0.19,0.46,-0.15,-1.47,0.0,0.0,0.0,0.0,0.0,0.0,0.0,0.0,0.0,0.0,0.0
2025-07-11 12:25:35.596,0.05,0.02,-0.19,0.46,-0.15,-1.47,0.0,0.0,0.0,0.0,0.0,0.0,0.0,0.0,0.0,0.0,0.0
2025-07-11 12:25:35.646,0.05,0.02,-0.19,0.46,-0.15,-1.47,0.0,0.0,0.0,0.0,0.0,0.0,0.0,0.0,0.0,0.0,0.0
2025-07-11 12:25:35.697,0.05,0.02,-0.19,0.46,-0.15,-1.47,0.0,0.0,0.0,0.0,0.0,0.0,0.0,0.0,0.0,0.0,0.0
2025-07-11 12:25:35.748,0.05,0.02,-0.19,0.46,-0.15,-1.47,0.0,0.0,0.0,0.0,0.0,0.0,0.0,0.0,0.0,0.0,0.0
2025-07-11 12:25:35.798,0.05,0.02,-0.19,0.46,-0.15,-1.47,0.0,0.0,0.0,0.0,0.0,0.0,0.0,0.0,0.0,0.0,0.0
2025-07-11 12:25:35.853,0.05,0.02,-0.19,0.46,-0.15,-1.47,0.0,0.0,0.0,0.0,0.0,0.0,0.0,0.0,0.0,0.0,0.0
2025-07-11 12:25:35.904,0.05,0.02,-0.2,0.45,-0.17,-1.666,0.0,0.0,0.0,0.0,0.0,0.0,0.0,0.0,0.0,0.0,0.0
2025-07-11 12:25:35.954,0.05,0.02,-0.2,0.45,-0.17,-1.666,0.0,0.0,0.0,0.0,0.0,0.0,0.0,0.0,0.0,0.0,0.0
2025-07-11 12:25:36.004,0.05,0.02,-0.2,0.45,-0.17,-1.666,0.0,0.0,0.0,0.0,0.0,0.0,0.0,0.0,0.0,0.0,0.0
2025-07-11 12:25:36.055,0.05,0.02,-0.2,0.45,-0.17,-1.666,0.0,0.0,0.0,0.0,0.0,0.0,0.0,0.0,0.0,0.0,0.0
2025-07-11 12:25:36.105,0.05,0.02,-0.2,0.45,-0.17,-1.666,0.0,0.0,0.0,0.0,0.0,0.0,0.0,0.0,0.0,0.0,0.0
2025-07-11 12:25:36.155,0.05,0.02,-0.2,0.45,-0.17,-1.666,0.0,0.0,0.0,0.0,0.0,0.0,0.0,0.0,0.0,0.0,0.0
2025-07-11 12:25:36.206,0.05,0.02,-0.2,0.45,-0.17,-1.666,0.0,0.0,0.0,0.0,0.0,0.0,0.0,0.0,0.0,0.0,0.0
2025-07-11 12:25:36.256,0.05,0.02,-0.2,0.45,-0.17,-1.666,0.0,0.0,0.0,0.0,0.0,0.0,0.0,0.0,0.0,0.0,0.0
2025-07-11 12:25:36.306,0.05,0.02,-0.2,0.45,-0.17,-1.666,0.0,0.0,0.0,0.0,0.0,0.0,0.0,0.0,0.0,0.0,0.0
2025-07-11 12:25:36.356,0.05,0.02,-0.2,0.45,-0.17,-1.666,0.0,0.0,0.0,0.0,0.0,0.0,0.0,0.0,0.0,0.0,0.0
2025-07-11 12:25:36.407,0.05,0.02,-0.2,0.45,-0.17,-1.666,0.0,0.0,0.0,0.0,0.0,0.0,0.0,0.0,0.0,0.0,0.0
2025-07-11 12:25:36.461,0.05,0.02,-0.2,0.45,-0.17,-1.666,0.0,0.0,0.0,0.0,0.0,0.0,0.0,0.0,0.0,0.0,0.0
2025-07-11 12:25:36.511,0.05,0.02,-0.2,0.45,-0.17,-1.666,0.0,0.0,0.0,0.0,0.0,0.0,0.0,0.0,0.0,0.0,0.0
2025-07-11 12:25:36.562,0.05,0.02,-0.19,0.45,-0.16,-1.568,0.0,0.0,0.0,0.0,0.0,0.0,0.0,0.0,0.0,0.0,0.0
2025-07-11 12:25:36.612,0.06,0.03,-0.19,0.45,-0.14,-1.372,0.0,0.0,0.0,0.0,0.0,0.0,0.0,0.0,0.0,0.0,0.0
2025-07-11 12:25:36.662,0.06,0.03,-0.19,0.45,-0.14,-1.372,0.0,0.0,0.0,0.0,0.0,0.0,0.0,0.0,0.0,0.0,0.0
2025-07-11 12:25:36.713,0.06,0.03,-0.19,0.45,-0.14,-1.372,0.0,0.0,0.0,0.0,0.0,0.0,0.0,0.0,0.0,0.0,0.0
2025-07-11 12:25:36.763,0.06,0.03,-0.19,0.45,-0.14,-1.372,0.0,0.0,0.0,0.0,0.0,0.0,0.0,0.0,0.0,0.0,0.0
2025-07-11 12:25:36.813,0.06,0.03,-0.19,0.45,-0.14,-1.372,0.0,0.0,0.0,0.0,0.0,0.0,0.0,0.0,0.0,0.0,0.0
2025-07-11 12:25:36.864,0.06,0.03,-0.19,0.45,-0.14,-1.372,0.0,0.0,0.0,0.0,0.0,0.0,0.0,0.0,0.0,0.0,0.0
2025-07-11 12:25:36.914,0.06,0.03,-0.19,0.45,-0.14,-1.372,0.0,0.0,0.0,0.0,0.0,0.0,0.0,0.0,0.0,0.0,0.0
2025-07-11 12:25:36.964,0.06,0.03,-0.19,0.45,-0.14,-1.372,0.0,0.0,0.0,0.0,0.0,0.0,0.0,0.0,0.0,0.0,0.0
2025-07-11 12:25:37.014,0.06,0.03,-0.19,0.45,-0.14,-1.372,0.0,0.0,0.0,0.0,0.0,0.0,0.0,0.0,0.0,0.0,0.0
2025-07-11 12:25:37.065,0.06,0.03,-0.19,0.48,-0.11,-1.078,0.0,0.0,0.0,0.0,0.0,0.0,0.0,0.0,0.0,0.0,0.0
2025-07-11 12:25:37.117,0.06,0.03,-0.19,0.48,-0.11,-1.078,0.0,0.0,0.0,0.0,0.0,0.0,0.0,0.0,0.0,0.0,0.0
2025-07-11 12:25:37.167,0.06,0.03,-0.19,0.48,-0.11,-1.078,0.0,0.0,0.0,0.0,0.0,0.0,0.0,0.0,0.0,0.0,0.0
2025-07-11 12:25:37.218,0.06,0.03,-0.19,0.48,-0.11,-1.078,0.0,0.0,0.0,0.0,0.0,0.0,0.0,0.0,0.0,0.0,0.0
2025-07-11 12:25:37.269,0.06,0.03,-0.2,0.48,-0.12,-1.176,0.0,0.0,0.0,0.0,0.0,0.0,0.0,0.0,0.0,0.0,0.0
2025-07-11 12:25:37.323,0.06,0.03,-0.2,0.48,-0.12,-1.176,0.0,0.0,0.0,0.0,0.0,0.0,0.0,0.0,0.0,0.0,0.0
2025-07-11 12:25:37.373,0.06,0.03,-0.2,0.48,-0.12,-1.176,0.0,0.0,0.0,0.0,0.0,0.0,0.0,0.0,0.0,0.0,0.0
2025-07-11 12:25:37.424,0.06,0.03,-0.2,0.48,-0.12,-1.176,0.0,0.0,0.0,0.0,0.0,0.0,0.0,0.0,0.0,0.0,0.0
2025-07-11 12:25:37.474,0.06,0.03,-0.2,0.48,-0.12,-1.176,0.0,0.0,0.0,0.0,0.0,0.0,0.0,0.0,0.0,0.0,0.0
2025-07-11 12:25:37.524,0.06,0.03,-0.2,0.48,-0.12,-1.176,0.0,0.0,0.0,0.0,0.0,0.0,0.0,0.0,0.0,0.0,0.0
2025-07-11 12:25:37.575,0.06,0.03,-0.2,0.48,-0.12,-1.176,0.0,0.0,0.0,0.0,0.0,0.0,0.0,0.0,0.0,0.0,0.0
2025-07-11 12:25:37.625,0.06,0.03,-0.2,0.48,-0.12,-1.176,0.0,0.0,0.0,0.0,0.0,0.0,0.0,0.0,0.0,0.0,0.0
2025-07-11 12:25:37.675,0.06,0.04,-0.2,0.48,-0.11,-1.078,0.0,0.0,0.0,0.0,0.0,0.0,0.0,0.0,0.0,0.0,0.0
2025-07-11 12:25:37.726,0.06,0.04,-0.2,0.48,-0.11,-1.078,0.0,0.0,0.0,0.0,0.0,0.0,0.0,0.0,0.0,0.0,0.0
2025-07-11 12:25:37.776,0.06,0.04,-0.2,0.48,-0.11,-1.078,0.0,0.0,0.0,0.0,0.0,0.0,0.0,0.0,0.0,0.0,0.0
2025-07-11 12:25:37.827,0.06,0.04,-0.2,0.48,-0.11,-1.078,0.0,0.0,0.0,0.0,0.0,0.0,0.0,0.0,0.0,0.0,0.0
2025-07-11 12:25:37.878,0.06,0.04,-0.2,0.48,-0.11,-1.078,0.0,0.0,0.0,0.0,0.0,0.0,0.0,0.0,0.0,0.0,0.0
2025-07-11 12:25:37.928,0.06,0.04,-0.19,0.48,-0.1,-0.98,0.0,0.0,0.0,0.0,0.0,0.0,0.0,0.0,0.0,0.0,0.0
2025-07-11 12:25:37.978,0.06,0.04,-0.19,0.48,-0.1,-0.98,0.0,0.0,0.0,0.0,0.0,0.0,0.0,0.0,0.0,0.0,0.0
2025-07-11 12:25:38.029,0.06,0.04,-0.19,0.48,-0.1,-0.98,0.0,0.0,0.0,0.0,0.0,0.0,0.0,0.0,0.0,0.0,0.0
2025-07-11 12:25:38.079,0.06,0.04,-0.19,0.48,-0.1,-0.98,0.0,0.0,0.0,0.0,0.0,0.0,0.0,0.0,0.0,0.0,0.0
2025-07-11 12:25:38.129,0.06,0.04,-0.19,0.48,-0.1,-0.98,0.0,0.0,0.0,0.0,0.0,0.0,0.0,0.0,0.0,0.0,0.0
2025-07-11 12:25:38.180,0.06,0.04,-0.19,0.48,-0.1,-0.98,0.0,0.0,0.0,0.0,0.0,0.0,0.0,0.0,0.0,0.0,0.0
2025-07-11 12:25:38.230,0.06,0.04,-0.19,0.5,-0.08,-0.784,0.0,0.0,0.0,0.0,0.0,0.0,0.0,0.0,0.0,0.0,0.0
2025-07-11 12:25:38.281,0.06,0.04,-0.19,0.5,-0.08,-0.784,0.0,0.0,0.0,0.0,0.0,0.0,0.0,0.0,0.0,0.0,0.0
2025-07-11 12:25:38.331,0.06,0.03,-0.19,0.5,-0.09,-0.882,0.0,0.0,0.0,0.0,0.0,0.0,0.0,0.0,0.0,0.0,0.0
2025-07-11 12:25:38.381,0.06,0.03,-0.19,0.5,-0.09,-0.882,0.0,0.0,0.0,0.0,0.0,0.0,0.0,0.0,0.0,0.0,0.0
2025-07-11 12:25:38.432,0.06,0.03,-0.19,0.5,-0.09,-0.882,0.0,0.0,0.0,0.0,0.0,0.0,0.0,0.0,0.0,0.0,0.0
2025-07-11 12:25:38.482,0.06,0.03,-0.19,0.5,-0.09,-0.882,0.0,0.0,0.0,0.0,0.0,0.0,0.0,0.0,0.0,0.0,0.0
2025-07-11 12:25:38.533,0.06,0.03,-0.19,0.5,-0.09,-0.882,0.0,0.0,0.0,0.0,0.0,0.0,0.0,0.0,0.0,0.0,0.0
2025-07-11 12:25:38.584,0.06,0.03,-0.19,0.5,-0.09,-0.882,0.0,0.0,0.0,0.0,0.0,0.0,0.0,0.0,0.0,0.0,0.0
2025-07-11 12:25:38.634,0.06,0.03,-0.2,0.5,-0.1,-0.98,0.0,0.0,0.0,0.0,0.0,0.0,0.0,0.0,0.0,0.0,0.0
2025-07-11 12:25:38.685,0.06,0.03,-0.2,0.5,-0.1,-0.98,0.0,0.0,0.0,0.0,0.0,0.0,0.0,0.0,0.0,0.0,0.0
2025-07-11 12:25:38.735,0.06,0.03,-0.2,0.5,-0.1,-0.98,0.0,0.0,0.0,0.0,0.0,0.0,0.0,0.0,0.0,0.0,0.0
2025-07-11 12:25:38.786,0.06,0.03,-0.2,0.5,-0.1,-0.98,0.0,0.0,0.0,0.0,0.0,0.0,0.0,0.0,0.0,0.0,0.0
2025-07-11 12:25:38.837,0.06,0.03,-0.2,0.5,-0.1,-0.98,0.0,0.0,0.0,0.0,0.0,0.0,0.0,0.0,0.0,0.0,0.0
2025-07-11 12:25:38.888,0.06,0.03,-0.2,0.49,-0.11,-1.078,0.0,0.0,0.0,0.0,0.0,0.0,0.0,0.0,0.0,0.0,0.0
2025-07-11 12:25:38.938,0.06,0.03,-0.2,0.49,-0.11,-1.078,0.0,0.0,0.0,0.0,0.0,0.0,0.0,0.0,0.0,0.0,0.0
2025-07-11 12:25:38.989,0.06,0.03,-0.2,0.49,-0.11,-1.078,0.0,0.0,0.0,0.0,0.0,0.0,0.0,0.0,0.0,0.0,0.0
2025-07-11 12:25:39.040,0.06,0.03,-0.2,0.49,-0.11,-1.078,0.0,0.0,0.0,0.0,0.0,0.0,0.0,0.0,0.0,0.0,0.0
2025-07-11 12:25:39.090,0.06,0.03,-0.2,0.49,-0.11,-1.078,0.0,0.0,0.0,0.0,0.0,0.0,0.0,0.0,0.0,0.0,0.0
2025-07-11 12:25:39.140,0.06,0.03,-0.2,0.49,-0.11,-1.078,0.0,0.0,0.0,0.0,0.0,0.0,0.0,0.0,0.0,0.0,0.0
2025-07-11 12:25:39.191,0.06,0.03,-0.2,0.49,-0.11,-1.078,0.0,0.0,0.0,0.0,0.0,0.0,0.0,0.0,0.0,0.0,0.0
2025-07-11 12:25:39.241,0.06,0.03,-0.2,0.49,-0.11,-1.078,0.0,0.0,0.0,0.0,0.0,0.0,0.0,0.0,0.0,0.0,0.0
2025-07-11 12:25:39.291,0.06,0.03,-0.2,0.49,-0.11,-1.078,0.0,0.0,0.0,0.0,0.0,0.0,0.0,0.0,0.0,0.0,0.0
2025-07-11 12:25:39.342,0.06,0.03,-0.2,0.49,-0.11,-1.078,0.0,0.0,0.0,0.0,0.0,0.0,0.0,0.0,0.0,0.0,0.0
2025-07-11 12:25:39.392,0.05,0.03,-0.2,0.49,-0.12,-1.176,0.0,0.0,0.0,0.0,0.0,0.0,0.0,0.0,0.0,0.0,0.0
2025-07-11 12:25:39.442,0.05,0.03,-0.2,0.49,-0.12,-1.176,0.0,0.0,0.0,0.0,0.0,0.0,0.0,0.0,0.0,0.0,0.0
2025-07-11 12:25:39.493,0.05,0.03,-0.2,0.49,-0.12,-1.176,0.0,0.0,0.0,0.0,0.0,0.0,0.0,0.0,0.0,0.0,0.0
2025-07-11 12:25:39.543,0.05,0.03,-0.2,0.49,-0.12,-1.176,0.0,0.0,0.0,0.0,0.0,0.0,0.0,0.0,0.0,0.0,0.0
2025-07-11 12:25:39.594,0.05,0.03,-0.2,0.5,-0.11,-1.078,0.0,0.0,0.0,0.0,0.0,0.0,0.0,0.0,0.0,0.0,0.0
2025-07-11 12:25:39.644,0.05,0.03,-0.2,0.5,-0.11,-1.078,0.0,0.0,0.0,0.0,0.0,0.0,0.0,0.0,0.0,0.0,0.0
2025-07-11 12:25:39.694,0.05,0.03,-0.2,0.5,-0.11,-1.078,0.0,0.0,0.0,0.0,0.0,0.0,0.0,0.0,0.0,0.0,0.0
2025-07-11 12:25:39.745,0.05,0.03,-0.2,0.5,-0.11,-1.078,0.0,0.0,0.0,0.0,0.0,0.0,0.0,0.0,0.0,0.0,0.0
2025-07-11 12:25:39.795,0.05,0.03,-0.2,0.5,-0.11,-1.078,0.0,0.0,0.0,0.0,0.0,0.0,0.0,0.0,0.0,0.0,0.0
2025-07-11 12:25:39.845,0.05,0.03,-0.2,0.5,-0.11,-1.078,0.0,0.0,0.0,0.0,0.0,0.0,0.0,0.0,0.0,0.0,0.0
2025-07-11 12:25:39.896,0.05,0.03,-0.2,0.5,-0.11,-1.078,0.0,0.0,0.0,0.0,0.0,0.0,0.0,0.0,0.0,0.0,0.0
2025-07-11 12:25:39.946,0.05,0.03,-0.2,0.5,-0.11,-1.078,0.0,0.0,0.0,0.0,0.0,0.0,0.0,0.0,0.0,0.0,0.0
2025-07-11 12:25:39.996,0.05,0.03,-0.2,0.5,-0.11,-1.078,0.0,0.0,0.0,0.0,0.0,0.0,0.0,0.0,0.0,0.0,0.0
2025-07-11 12:25:40.046,0.05,0.03,-0.2,0.5,-0.11,-1.078,0.0,0.0,0.0,0.0,0.0,0.0,0.0,0.0,0.0,0.0,0.0
2025-07-11 12:25:40.097,0.06,0.03,-0.2,0.5,-0.1,-0.98,0.0,0.0,0.0,0.0,0.0,0.0,0.0,0.0,0.0,0.0,0.0
2025-07-11 12:25:40.147,0.06,0.03,-0.2,0.5,-0.1,-0.98,0.0,0.0,0.0,0.0,0.0,0.0,0.0,0.0,0.0,0.0,0.0
2025-07-11 12:25:40.198,0.06,0.03,-0.2,0.5,-0.1,-0.98,0.0,0.0,0.0,0.0,0.0,0.0,0.0,0.0,0.0,0.0,0.0
2025-07-11 12:25:40.250,0.06,0.03,-0.2,0.5,-0.1,-0.98,0.0,0.0,0.0,0.0,0.0,0.0,0.0,0.0,0.0,0.0,0.0
2025-07-11 12:25:40.301,0.06,0.03,-0.2,0.48,-0.12,-1.176,0.0,0.0,0.0,0.0,0.0,0.0,0.0,0.0,0.0,0.0,0.0
2025-07-11 12:25:40.351,0.06,0.03,-0.2,0.48,-0.12,-1.176,0.0,0.0,0.0,0.0,0.0,0.0,0.0,0.0,0.0,0.0,0.0
2025-07-11 12:25:40.401,0.06,0.02,-0.2,0.48,-0.13,-1.274,0.0,0.0,0.0,0.0,0.0,0.0,0.0,0.0,0.0,0.0,0.0
2025-07-11 12:25:40.452,0.06,0.02,-0.2,0.48,-0.13,-1.274,0.0,0.0,0.0,0.0,0.0,0.0,0.0,0.0,0.0,0.0,0.0
2025-07-11 12:25:40.502,0.06,0.02,-0.2,0.48,-0.13,-1.274,0.0,0.0,0.0,0.0,0.0,0.0,0.0,0.0,0.0,0.0,0.0
2025-07-11 12:25:40.552,0.06,0.02,-0.2,0.48,-0.13,-1.274,0.0,0.0,0.0,0.0,0.0,0.0,0.0,0.0,0.0,0.0,0.0
2025-07-11 12:25:40.602,0.06,0.02,-0.2,0.48,-0.13,-1.274,0.0,0.0,0.0,0.0,0.0,0.0,0.0,0.0,0.0,0.0,0.0
2025-07-11 12:25:40.653,0.06,0.02,-0.2,0.48,-0.13,-1.274,0.0,0.0,0.0,0.0,0.0,0.0,0.0,0.0,0.0,0.0,0.0
2025-07-11 12:25:40.703,0.06,0.02,-0.2,0.48,-0.13,-1.274,0.0,0.0,0.0,0.0,0.0,0.0,0.0,0.0,0.0,0.0,0.0
2025-07-11 12:25:40.754,0.06,0.02,-0.2,0.48,-0.13,-1.274,0.0,0.0,0.0,0.0,0.0,0.0,0.0,0.0,0.0,0.0,0.0
2025-07-11 12:25:40.804,0.06,0.02,-0.2,0.48,-0.13,-1.274,0.0,0.0,0.0,0.0,0.0,0.0,0.0,0.0,0.0,0.0,0.0
2025-07-11 12:25:40.854,0.06,0.02,-0.2,0.48,-0.13,-1.274,0.0,0.0,0.0,0.0,0.0,0.0,0.0,0.0,0.0,0.0,0.0
2025-07-11 12:25:40.909,0.06,0.02,-0.2,0.48,-0.13,-1.274,0.0,0.0,0.0,0.0,0.0,0.0,0.0,0.0,0.0,0.0,0.0
2025-07-11 12:25:40.959,0.06,0.02,-0.2,0.48,-0.13,-1.274,0.0,0.0,0.0,0.0,0.0,0.0,0.0,0.0,0.0,0.0,0.0
2025-07-11 12:25:41.010,0.06,0.02,-0.2,0.47,-0.14,-1.372,0.0,0.0,0.0,0.0,0.0,0.0,0.0,0.0,0.0,0.0,0.0
2025-07-11 12:25:41.060,0.06,0.02,-0.2,0.47,-0.14,-1.372,0.0,0.0,0.0,0.0,0.0,0.0,0.0,0.0,0.0,0.0,0.0
2025-07-11 12:25:41.111,0.06,0.03,-0.2,0.47,-0.13,-1.274,0.0,0.0,0.0,0.0,0.0,0.0,0.0,0.0,0.0,0.0,0.0
2025-07-11 12:25:41.161,0.06,0.03,-0.2,0.47,-0.13,-1.274,0.0,0.0,0.0,0.0,0.0,0.0,0.0,0.0,0.0,0.0,0.0
2025-07-11 12:25:41.211,0.06,0.03,-0.2,0.47,-0.13,-1.274,0.0,0.0,0.0,0.0,0.0,0.0,0.0,0.0,0.0,0.0,0.0
2025-07-11 12:25:41.262,0.06,0.03,-0.2,0.47,-0.13,-1.274,0.0,0.0,0.0,0.0,0.0,0.0,0.0,0.0,0.0,0.0,0.0
2025-07-11 12:25:41.312,0.06,0.03,-0.2,0.47,-0.13,-1.274,0.0,0.0,0.0,0.0,0.0,0.0,0.0,0.0,0.0,0.0,0.0
2025-07-11 12:25:41.362,0.06,0.03,-0.2,0.47,-0.13,-1.274,0.0,0.0,0.0,0.0,0.0,0.0,0.0,0.0,0.0,0.0,0.0
2025-07-11 12:25:41.413,0.06,0.03,-0.2,0.47,-0.13,-1.274,0.0,0.0,0.0,0.0,0.0,0.0,0.0,0.0,0.0,0.0,0.0
2025-07-11 12:25:41.463,0.06,0.03,-0.2,0.47,-0.13,-1.274,0.0,0.0,0.0,0.0,0.0,0.0,0.0,0.0,0.0,0.0,0.0
2025-07-11 12:25:41.514,0.06,0.03,-0.2,0.47,-0.13,-1.274,0.0,0.0,0.0,0.0,0.0,0.0,0.0,0.0,0.0,0.0,0.0
2025-07-11 12:25:41.564,0.06,0.03,-0.2,0.47,-0.13,-1.274,0.0,0.0,0.0,0.0,0.0,0.0,0.0,0.0,0.0,0.0,0.0
2025-07-11 12:25:41.614,0.06,0.03,-0.2,0.47,-0.13,-1.274,0.0,0.0,0.0,0.0,0.0,0.0,0.0,0.0,0.0,0.0,0.0
2025-07-11 12:25:41.665,0.06,0.03,-0.2,0.47,-0.13,-1.274,0.0,0.0,0.0,0.0,0.0,0.0,0.0,0.0,0.0,0.0,0.0
2025-07-11 12:25:41.715,0.06,0.03,-0.2,0.46,-0.14,-1.372,0.0,0.0,0.0,0.0,0.0,0.0,0.0,0.0,0.0,0.0,0.0
2025-07-11 12:25:41.765,0.06,0.03,-0.2,0.46,-0.14,-1.372,0.0,0.0,0.0,0.0,0.0,0.0,0.0,0.0,0.0,0.0,0.0
2025-07-11 12:25:41.816,0.06,0.02,-0.2,0.46,-0.15,-1.47,0.0,0.0,0.0,0.0,0.0,0.0,0.0,0.0,0.0,0.0,0.0
2025-07-11 12:25:41.866,0.06,0.02,-0.2,0.46,-0.15,-1.47,0.0,0.0,0.0,0.0,0.0,0.0,0.0,0.0,0.0,0.0,0.0
2025-07-11 12:25:41.916,0.06,0.02,-0.2,0.46,-0.15,-1.47,0.0,0.0,0.0,0.0,0.0,0.0,0.0,0.0,0.0,0.0,0.0
2025-07-11 12:25:41.967,0.06,0.02,-0.2,0.46,-0.15,-1.47,0.0,0.0,0.0,0.0,0.0,0.0,0.0,0.0,0.0,0.0,0.0
2025-07-11 12:25:42.017,0.06,0.02,-0.2,0.46,-0.15,-1.47,0.0,0.0,0.0,0.0,0.0,0.0,0.0,0.0,0.0,0.0,0.0
2025-07-11 12:25:42.067,0.06,0.02,-0.2,0.46,-0.15,-1.47,0.0,0.0,0.0,0.0,0.0,0.0,0.0,0.0,0.0,0.0,0.0
2025-07-11 12:25:42.118,0.06,0.02,-0.2,0.46,-0.15,-1.47,0.0,0.0,0.0,0.0,0.0,0.0,0.0,0.0,0.0,0.0,0.0
2025-07-11 12:25:42.168,0.05,0.02,-0.2,0.46,-0.16,-1.568,0.0,0.0,0.0,0.0,0.0,0.0,0.0,0.0,0.0,0.0,0.0
2025-07-11 12:25:42.219,0.05,0.02,-0.2,0.46,-0.16,-1.568,0.0,0.0,0.0,0.0,0.0,0.0,0.0,0.0,0.0,0.0,0.0
2025-07-11 12:25:42.269,0.05,0.02,-0.2,0.46,-0.16,-1.568,0.0,0.0,0.0,0.0,0.0,0.0,0.0,0.0,0.0,0.0,0.0
2025-07-11 12:25:42.319,0.05,0.02,-0.2,0.46,-0.16,-1.568,0.0,0.0,0.0,0.0,0.0,0.0,0.0,0.0,0.0,0.0,0.0
2025-07-11 12:25:42.370,0.05,0.02,-0.2,0.46,-0.16,-1.568,0.0,0.0,0.0,0.0,0.0,0.0,0.0,0.0,0.0,0.0,0.0
2025-07-11 12:25:42.420,0.05,0.02,-0.2,0.46,-0.16,-1.568,0.0,0.0,0.0,0.0,0.0,0.0,0.0,0.0,0.0,0.0,0.0
2025-07-11 12:25:42.471,0.05,0.03,-0.2,0.46,-0.15,-1.47,0.0,0.0,0.0,0.0,0.0,0.0,0.0,0.0,0.0,0.0,0.0
2025-07-11 12:25:42.521,0.05,0.03,-0.2,0.46,-0.15,-1.47,0.0,0.0,0.0,0.0,0.0,0.0,0.0,0.0,0.0,0.0,0.0
2025-07-11 12:25:42.571,0.05,0.03,-0.2,0.46,-0.15,-1.47,0.0,0.0,0.0,0.0,0.0,0.0,0.0,0.0,0.0,0.0,0.0
2025-07-11 12:25:42.622,0.05,0.03,-0.2,0.46,-0.15,-1.47,0.0,0.0,0.0,0.0,0.0,0.0,0.0,0.0,0.0,0.0,0.0
2025-07-11 12:25:42.672,0.05,0.03,-0.2,0.46,-0.15,-1.47,0.0,0.0,0.0,0.0,0.0,0.0,0.0,0.0,0.0,0.0,0.0
2025-07-11 12:25:42.722,0.05,0.03,-0.2,0.46,-0.15,-1.47,0.0,0.0,0.0,0.0,0.0,0.0,0.0,0.0,0.0,0.0,0.0
2025-07-11 12:25:42.773,0.05,0.03,-0.2,0.46,-0.15,-1.47,0.0,0.0,0.0,0.0,0.0,0.0,0.0,0.0,0.0,0.0,0.0
2025-07-11 12:25:42.823,0.05,0.03,-0.2,0.46,-0.15,-1.47,0.0,0.0,0.0,0.0,0.0,0.0,0.0,0.0,0.0,0.0,0.0
2025-07-11 12:25:42.873,0.05,0.03,-0.2,0.46,-0.15,-1.47,0.0,0.0,0.0,0.0,0.0,0.0,0.0,0.0,0.0,0.0,0.0
2025-07-11 12:25:42.924,0.05,0.03,-0.2,0.46,-0.15,-1.47,0.0,0.0,0.0,0.0,0.0,0.0,0.0,0.0,0.0,0.0,0.0
2025-07-11 12:25:42.974,0.05,0.03,-0.2,0.46,-0.15,-1.47,0.0,0.0,0.0,0.0,0.0,0.0,0.0,0.0,0.0,0.0,0.0
2025-07-11 12:25:43.024,0.05,0.03,-0.2,0.46,-0.15,-1.47,0.0,0.0,0.0,0.0,0.0,0.0,0.0,0.0,0.0,0.0,0.0
2025-07-11 12:25:43.075,0.05,0.03,-0.2,0.45,-0.16,-1.568,0.0,0.0,0.0,0.0,0.0,0.0,0.0,0.0,0.0,0.0,0.0
2025-07-11 12:25:43.125,0.05,0.03,-0.2,0.45,-0.16,-1.568,0.0,0.0,0.0,0.0,0.0,0.0,0.0,0.0,0.0,0.0,0.0
2025-07-11 12:25:43.175,0.05,0.03,-0.2,0.45,-0.16,-1.568,0.0,0.0,0.0,0.0,0.0,0.0,0.0,0.0,0.0,0.0,0.0
2025-07-11 12:25:43.226,0.05,0.03,-0.2,0.45,-0.16,-1.568,0.0,0.0,0.0,0.0,0.0,0.0,0.0,0.0,0.0,0.0,0.0
2025-07-11 12:25:43.276,0.05,0.03,-0.2,0.45,-0.16,-1.568,0.0,0.0,0.0,0.0,0.0,0.0,0.0,0.0,0.0,0.0,0.0
2025-07-11 12:25:43.326,0.05,0.03,-0.2,0.45,-0.16,-1.568,0.0,0.0,0.0,0.0,0.0,0.0,0.0,0.0,0.0,0.0,0.0
2025-07-11 12:25:43.377,0.05,0.03,-0.21,0.45,-0.17,-1.666,0.0,0.0,0.0,0.0,0.0,0.0,0.0,0.0,0.0,0.0,0.0
2025-07-11 12:25:43.427,0.05,0.03,-0.21,0.45,-0.17,-1.666,0.0,0.0,0.0,0.0,0.0,0.0,0.0,0.0,0.0,0.0,0.0
2025-07-11 12:25:43.477,0.05,0.03,-0.21,0.45,-0.17,-1.666,0.0,0.0,0.0,0.0,0.0,0.0,0.0,0.0,0.0,0.0,0.0
2025-07-11 12:25:43.527,0.05,0.06,-0.21,0.45,-0.14,-1.372,0.0,0.0,0.0,0.0,0.0,0.0,0.0,0.0,0.0,0.0,0.0
2025-07-11 12:25:43.578,0.05,0.06,-0.21,0.45,-0.14,-1.372,0.0,0.0,0.0,0.0,0.0,0.0,0.0,0.0,0.0,0.0,0.0
2025-07-11 12:25:43.628,0.05,0.06,-0.21,0.45,-0.14,-1.372,0.0,0.0,0.0,0.0,0.0,0.0,0.0,0.0,0.0,0.0,0.0
2025-07-11 12:25:43.679,0.05,0.06,-0.21,0.45,-0.14,-1.372,0.0,0.0,0.0,0.0,0.0,0.0,0.0,0.0,0.0,0.0,0.0
2025-07-11 12:25:43.729,0.05,0.06,-0.21,0.45,-0.14,-1.372,0.0,0.0,0.0,0.0,0.0,0.0,0.0,0.0,0.0,0.0,0.0
2025-07-11 12:25:43.779,0.05,0.06,-0.21,0.48,-0.11,-1.078,0.0,0.0,0.0,0.0,0.0,0.0,0.0,0.0,0.0,0.0,0.0
2025-07-11 12:25:43.830,0.05,0.06,-0.21,0.48,-0.11,-1.078,0.0,0.0,0.0,0.0,0.0,0.0,0.0,0.0,0.0,0.0,0.0
2025-07-11 12:25:43.880,0.05,0.06,-0.21,0.48,-0.11,-1.078,0.0,0.0,0.0,0.0,0.0,0.0,0.0,0.0,0.0,0.0,0.0
2025-07-11 12:25:43.930,0.05,0.06,-0.21,0.48,-0.11,-1.078,0.0,0.0,0.0,0.0,0.0,0.0,0.0,0.0,0.0,0.0,0.0
2025-07-11 12:25:43.981,0.05,0.06,-0.21,0.48,-0.11,-1.078,0.0,0.0,0.0,0.0,0.0,0.0,0.0,0.0,0.0,0.0,0.0
2025-07-11 12:25:44.031,0.05,0.06,-0.21,0.48,-0.11,-1.078,0.0,0.0,0.0,0.0,0.0,0.0,0.0,0.0,0.0,0.0,0.0
2025-07-11 12:25:44.081,0.05,0.06,-0.21,0.48,-0.11,-1.078,0.0,0.0,0.0,0.0,0.0,0.0,0.0,0.0,0.0,0.0,0.0
2025-07-11 12:25:44.132,0.05,0.06,-0.21,0.48,-0.11,-1.078,0.0,0.0,0.0,0.0,0.0,0.0,0.0,0.0,0.0,0.0,0.0
2025-07-11 12:25:44.182,0.05,0.01,-0.21,0.48,-0.16,-1.568,0.0,0.0,0.0,0.0,0.0,0.0,0.0,0.0,0.0,0.0,0.0
2025-07-11 12:25:44.232,0.05,0.01,-0.21,0.48,-0.16,-1.568,0.0,0.0,0.0,0.0,0.0,0.0,0.0,0.0,0.0,0.0,0.0
2025-07-11 12:25:44.283,0.06,0.01,-0.21,0.48,-0.15,-1.47,0.0,0.0,0.0,0.0,0.0,0.0,0.0,0.0,0.0,0.0,0.0
2025-07-11 12:25:44.333,0.06,0.01,-0.21,0.48,-0.15,-1.47,0.0,0.0,0.0,0.0,0.0,0.0,0.0,0.0,0.0,0.0,0.0
2025-07-11 12:25:44.383,0.06,0.01,-0.21,0.48,-0.15,-1.47,0.0,0.0,0.0,0.0,0.0,0.0,0.0,0.0,0.0,0.0,0.0
2025-07-11 12:25:44.434,0.06,0.01,-0.21,0.48,-0.15,-1.47,0.0,0.0,0.0,0.0,0.0,0.0,0.0,0.0,0.0,0.0,0.0
2025-07-11 12:25:44.484,0.06,0.01,-0.21,0.47,-0.16,-1.568,0.0,0.0,0.0,0.0,0.0,0.0,0.0,0.0,0.0,0.0,0.0
2025-07-11 12:25:44.534,0.06,0.01,-0.21,0.47,-0.16,-1.568,0.0,0.0,0.0,0.0,0.0,0.0,0.0,0.0,0.0,0.0,0.0
2025-07-11 12:25:44.585,0.06,0.01,-0.21,0.47,-0.16,-1.568,0.0,0.0,0.0,0.0,0.0,0.0,0.0,0.0,0.0,0.0,0.0
2025-07-11 12:25:44.635,0.06,0.01,-0.21,0.47,-0.16,-1.568,0.0,0.0,0.0,0.0,0.0,0.0,0.0,0.0,0.0,0.0,0.0
2025-07-11 12:25:44.685,0.06,0.01,-0.21,0.47,-0.16,-1.568,0.0,0.0,0.0,0.0,0.0,0.0,0.0,0.0,0.0,0.0,0.0
2025-07-11 12:25:44.737,0.06,0.01,-0.21,0.47,-0.16,-1.568,0.0,0.0,0.0,0.0,0.0,0.0,0.0,0.0,0.0,0.0,0.0
2025-07-11 12:25:44.787,0.06,0.01,-0.21,0.47,-0.16,-1.568,0.0,0.0,0.0,0.0,0.0,0.0,0.0,0.0,0.0,0.0,0.0
2025-07-11 12:25:44.837,0.06,0.01,-0.21,0.47,-0.16,-1.568,0.0,0.0,0.0,0.0,0.0,0.0,0.0,0.0,0.0,0.0,0.0
2025-07-11 12:25:44.888,0.06,0.06,-0.21,0.47,-0.11,-1.078,0.0,0.0,0.0,0.0,0.0,0.0,0.0,0.0,0.0,0.0,0.0
2025-07-11 12:25:44.938,0.06,0.06,-0.21,0.47,-0.11,-1.078,0.0,0.0,0.0,0.0,0.0,0.0,0.0,0.0,0.0,0.0,0.0
2025-07-11 12:25:44.988,0.06,0.06,-0.21,0.47,-0.11,-1.078,0.0,0.0,0.0,0.0,0.0,0.0,0.0,0.0,0.0,0.0,0.0
2025-07-11 12:25:45.039,0.06,0.06,-0.21,0.47,-0.11,-1.078,0.0,0.0,0.0,0.0,0.0,0.0,0.0,0.0,0.0,0.0,0.0
2025-07-11 12:25:45.089,0.06,0.06,-0.21,0.47,-0.11,-1.078,0.0,0.0,0.0,0.0,0.0,0.0,0.0,0.0,0.0,0.0,0.0
2025-07-11 12:25:45.139,0.06,0.06,-0.21,0.47,-0.11,-1.078,0.0,0.0,0.0,0.0,0.0,0.0,0.0,0.0,0.0,0.0,0.0
2025-07-11 12:25:45.189,0.06,0.06,-0.21,0.47,-0.11,-1.078,0.0,0.0,0.0,0.0,0.0,0.0,0.0,0.0,0.0,0.0,0.0
2025-07-11 12:25:45.240,0.06,0.06,-0.21,0.47,-0.11,-1.078,0.0,0.0,0.0,0.0,0.0,0.0,0.0,0.0,0.0,0.0,0.0
2025-07-11 12:25:45.290,0.06,0.06,-0.21,0.47,-0.11,-1.078,0.0,0.0,0.0,0.0,0.0,0.0,0.0,0.0,0.0,0.0,0.0
2025-07-11 12:25:45.340,0.06,0.06,-0.21,0.47,-0.11,-1.078,0.0,0.0,0.0,0.0,0.0,0.0,0.0,0.0,0.0,0.0,0.0
2025-07-11 12:25:45.391,0.06,0.06,-0.21,0.47,-0.11,-1.078,0.0,0.0,0.0,0.0,0.0,0.0,0.0,0.0,0.0,0.0,0.0
2025-07-11 12:25:45.442,0.06,0.06,-0.21,0.47,-0.11,-1.078,0.0,0.0,0.0,0.0,0.0,0.0,0.0,0.0,0.0,0.0,0.0
2025-07-11 12:25:45.492,0.06,0.06,-0.21,0.47,-0.11,-1.078,0.0,0.0,0.0,0.0,0.0,0.0,0.0,0.0,0.0,0.0,0.0
2025-07-11 12:25:45.543,0.06,0.06,-0.21,0.47,-0.11,-1.078,0.0,0.0,0.0,0.0,0.0,0.0,0.0,0.0,0.0,0.0,0.0
2025-07-11 12:25:45.593,0.06,0.0,-0.21,0.47,-0.17,-1.666,0.0,0.0,0.0,0.0,0.0,0.0,0.0,0.0,0.0,0.0,0.0
2025-07-11 12:25:45.643,0.06,0.0,-0.21,0.51,-0.13,-1.274,0.0,0.0,0.0,0.0,0.0,0.0,0.0,0.0,0.0,0.0,0.0
2025-07-11 12:25:45.694,0.06,0.0,-0.21,0.51,-0.13,-1.274,0.0,0.0,0.0,0.0,0.0,0.0,0.0,0.0,0.0,0.0,0.0
2025-07-11 12:25:45.744,0.06,0.0,-0.21,0.51,-0.13,-1.274,0.0,0.0,0.0,0.0,0.0,0.0,0.0,0.0,0.0,0.0,0.0
2025-07-11 12:25:45.794,0.06,0.0,-0.21,0.51,-0.13,-1.274,0.0,0.0,0.0,0.0,0.0,0.0,0.0,0.0,0.0,0.0,0.0
2025-07-11 12:25:45.845,0.06,0.0,-0.21,0.51,-0.13,-1.274,0.0,0.0,0.0,0.0,0.0,0.0,0.0,0.0,0.0,0.0,0.0
2025-07-11 12:25:45.895,0.06,0.0,-0.21,0.51,-0.13,-1.274,0.0,0.0,0.0,0.0,0.0,0.0,0.0,0.0,0.0,0.0,0.0
2025-07-11 12:25:45.945,0.06,0.0,-0.21,0.51,-0.13,-1.274,0.0,0.0,0.0,0.0,0.0,0.0,0.0,0.0,0.0,0.0,0.0
2025-07-11 12:25:45.996,0.06,0.0,-0.21,0.51,-0.13,-1.274,0.0,0.0,0.0,0.0,0.0,0.0,0.0,0.0,0.0,0.0,0.0
2025-07-11 12:25:46.046,0.06,0.0,-0.21,0.51,-0.13,-1.274,0.0,0.0,0.0,0.0,0.0,0.0,0.0,0.0,0.0,0.0,0.0
2025-07-11 12:25:46.096,0.06,0.0,-0.2,0.51,-0.12,-1.176,0.0,0.0,0.0,0.0,0.0,0.0,0.0,0.0,0.0,0.0,0.0
2025-07-11 12:25:46.147,0.06,0.0,-0.2,0.51,-0.12,-1.176,0.0,0.0,0.0,0.0,0.0,0.0,0.0,0.0,0.0,0.0,0.0
2025-07-11 12:25:46.197,0.06,0.0,-0.2,0.51,-0.12,-1.176,0.0,0.0,0.0,0.0,0.0,0.0,0.0,0.0,0.0,0.0,0.0
2025-07-11 12:25:46.247,0.06,0.0,-0.2,0.51,-0.12,-1.176,0.0,0.0,0.0,0.0,0.0,0.0,0.0,0.0,0.0,0.0,0.0
2025-07-11 12:25:46.298,0.06,0.0,-0.2,0.51,-0.12,-1.176,0.0,0.0,0.0,0.0,0.0,0.0,0.0,0.0,0.0,0.0,0.0
2025-07-11 12:25:46.350,0.06,0.0,-0.2,0.47,-0.16,-1.568,0.0,0.0,0.0,0.0,0.0,0.0,0.0,0.0,0.0,0.0,0.0
2025-07-11 12:25:46.400,0.06,0.0,-0.2,0.47,-0.16,-1.568,0.0,0.0,0.0,0.0,0.0,0.0,0.0,0.0,0.0,0.0,0.0
2025-07-11 12:25:46.451,0.06,0.0,-0.2,0.47,-0.16,-1.568,0.0,0.0,0.0,0.0,0.0,0.0,0.0,0.0,0.0,0.0,0.0
2025-07-11 12:25:46.501,0.06,0.0,-0.2,0.47,-0.16,-1.568,0.0,0.0,0.0,0.0,0.0,0.0,0.0,0.0,0.0,0.0,0.0
2025-07-11 12:25:46.551,0.06,0.0,-0.2,0.47,-0.16,-1.568,0.0,0.0,0.0,0.0,0.0,0.0,0.0,0.0,0.0,0.0,0.0
2025-07-11 12:25:46.602,0.06,0.0,-0.2,0.47,-0.16,-1.568,0.0,0.0,0.0,0.0,0.0,0.0,0.0,0.0,0.0,0.0,0.0
2025-07-11 12:25:46.652,0.06,0.0,-0.2,0.47,-0.16,-1.568,0.0,0.0,0.0,0.0,0.0,0.0,0.0,0.0,0.0,0.0,0.0
2025-07-11 12:25:46.702,0.06,0.0,-0.2,0.47,-0.16,-1.568,0.0,0.0,0.0,0.0,0.0,0.0,0.0,0.0,0.0,0.0,0.0
2025-07-11 12:25:46.753,0.06,0.0,-0.2,0.47,-0.16,-1.568,0.0,0.0,0.0,0.0,0.0,0.0,0.0,0.0,0.0,0.0,0.0
2025-07-11 12:25:46.803,0.06,0.0,-0.2,0.47,-0.16,-1.568,0.0,0.0,0.0,0.0,0.0,0.0,0.0,0.0,0.0,0.0,0.0
2025-07-11 12:25:46.854,0.06,0.0,-0.2,0.47,-0.16,-1.568,0.0,0.0,0.0,0.0,0.0,0.0,0.0,0.0,0.0,0.0,0.0
2025-07-11 12:25:46.904,0.06,0.0,-0.2,0.47,-0.16,-1.568,0.0,0.0,0.0,0.0,0.0,0.0,0.0,0.0,0.0,0.0,0.0
2025-07-11 12:25:46.954,0.06,0.03,-0.2,0.47,-0.13,-1.274,0.0,0.0,0.0,0.0,0.0,0.0,0.0,0.0,0.0,0.0,0.0
2025-07-11 12:25:47.005,0.06,0.03,-0.2,0.47,-0.13,-1.274,0.0,0.0,0.0,0.0,0.0,0.0,0.0,0.0,0.0,0.0,0.0
2025-07-11 12:25:47.055,0.06,0.03,-0.2,0.5,-0.1,-0.98,0.0,0.0,0.0,0.0,0.0,0.0,0.0,0.0,0.0,0.0,0.0
2025-07-11 12:25:47.105,0.06,0.03,-0.2,0.5,-0.1,-0.98,0.0,0.0,0.0,0.0,0.0,0.0,0.0,0.0,0.0,0.0,0.0
2025-07-11 12:25:47.156,0.06,0.03,-0.2,0.5,-0.1,-0.98,0.0,0.0,0.0,0.0,0.0,0.0,0.0,0.0,0.0,0.0,0.0
2025-07-11 12:25:47.206,0.06,0.03,-0.2,0.5,-0.1,-0.98,0.0,0.0,0.0,0.0,0.0,0.0,0.0,0.0,0.0,0.0,0.0
2025-07-11 12:25:47.256,0.06,0.03,-0.2,0.5,-0.1,-0.98,0.0,0.0,0.0,0.0,0.0,0.0,0.0,0.0,0.0,0.0,0.0
2025-07-11 12:25:47.307,0.06,0.03,-0.2,0.5,-0.1,-0.98,0.0,0.0,0.0,0.0,0.0,0.0,0.0,0.0,0.0,0.0,0.0
2025-07-11 12:25:47.357,0.06,0.03,-0.2,0.5,-0.1,-0.98,0.0,0.0,0.0,0.0,0.0,0.0,0.0,0.0,0.0,0.0,0.0
2025-07-11 12:25:47.407,0.06,0.03,-0.2,0.5,-0.1,-0.98,0.0,0.0,0.0,0.0,0.0,0.0,0.0,0.0,0.0,0.0,0.0
2025-07-11 12:25:47.457,0.06,0.03,-0.2,0.5,-0.1,-0.98,0.0,0.0,0.0,0.0,0.0,0.0,0.0,0.0,0.0,0.0,0.0
2025-07-11 12:25:47.508,0.06,0.03,-0.2,0.5,-0.1,-0.98,0.0,0.0,0.0,0.0,0.0,0.0,0.0,0.0,0.0,0.0,0.0
2025-07-11 12:25:47.558,0.06,0.03,-0.2,0.5,-0.1,-0.98,0.0,0.0,0.0,0.0,0.0,0.0,0.0,0.0,0.0,0.0,0.0
2025-07-11 12:25:47.608,0.06,0.03,-0.2,0.5,-0.1,-0.98,0.0,0.0,0.0,0.0,0.0,0.0,0.0,0.0,0.0,0.0,0.0
2025-07-11 12:25:47.659,0.06,0.03,-0.2,0.5,-0.1,-0.98,0.0,0.0,0.0,0.0,0.0,0.0,0.0,0.0,0.0,0.0,0.0
2025-07-11 12:25:47.709,0.06,0.03,-0.2,0.5,-0.1,-0.98,0.0,0.0,0.0,0.0,0.0,0.0,0.0,0.0,0.0,0.0,0.0
2025-07-11 12:25:47.760,0.06,0.03,-0.2,0.49,-0.11,-1.078,0.0,0.0,0.0,0.0,0.0,0.0,0.0,0.0,0.0,0.0,0.0
2025-07-11 12:25:47.810,0.06,0.03,-0.2,0.49,-0.11,-1.078,0.0,0.0,0.0,0.0,0.0,0.0,0.0,0.0,0.0,0.0,0.0
2025-07-11 12:25:47.860,0.06,0.03,-0.2,0.49,-0.11,-1.078,0.0,0.0,0.0,0.0,0.0,0.0,0.0,0.0,0.0,0.0,0.0
2025-07-11 12:25:47.910,0.06,0.03,-0.2,0.49,-0.11,-1.078,0.0,0.0,0.0,0.0,0.0,0.0,0.0,0.0,0.0,0.0,0.0
2025-07-11 12:25:47.961,0.06,0.03,-0.2,0.49,-0.11,-1.078,0.0,0.0,0.0,0.0,0.0,0.0,0.0,0.0,0.0,0.0,0.0
2025-07-11 12:25:48.011,0.06,0.03,-0.2,0.49,-0.11,-1.078,0.0,0.0,0.0,0.0,0.0,0.0,0.0,0.0,0.0,0.0,0.0
2025-07-11 12:25:48.061,0.06,0.03,-0.2,0.49,-0.11,-1.078,0.0,0.0,0.0,0.0,0.0,0.0,0.0,0.0,0.0,0.0,0.0
2025-07-11 12:25:48.112,0.06,0.03,-0.2,0.49,-0.11,-1.078,0.0,0.0,0.0,0.0,0.0,0.0,0.0,0.0,0.0,0.0,0.0
2025-07-11 12:25:48.162,0.06,0.03,-0.2,0.49,-0.11,-1.078,0.0,0.0,0.0,0.0,0.0,0.0,0.0,0.0,0.0,0.0,0.0
2025-07-11 12:25:48.212,0.06,0.03,-0.2,0.49,-0.11,-1.078,0.0,0.0,0.0,0.0,0.0,0.0,0.0,0.0,0.0,0.0,0.0
2025-07-11 12:25:48.263,0.06,0.03,-0.2,0.49,-0.11,-1.078,0.0,0.0,0.0,0.0,0.0,0.0,0.0,0.0,0.0,0.0,0.0
2025-07-11 12:25:48.313,0.06,0.02,-0.2,0.49,-0.12,-1.176,0.0,0.0,0.0,0.0,0.0,0.0,0.0,0.0,0.0,0.0,0.0
2025-07-11 12:25:48.363,0.06,0.02,-0.2,0.49,-0.12,-1.176,0.0,0.0,0.0,0.0,0.0,0.0,0.0,0.0,0.0,0.0,0.0
2025-07-11 12:25:48.414,0.05,0.02,-0.2,0.49,-0.13,-1.274,0.0,0.0,0.0,0.0,0.0,0.0,0.0,0.0,0.0,0.0,0.0
2025-07-11 12:25:48.464,0.05,0.02,-0.2,0.49,-0.13,-1.274,0.0,0.0,0.0,0.0,0.0,0.0,0.0,0.0,0.0,0.0,0.0
2025-07-11 12:25:48.514,0.05,0.02,-0.2,0.49,-0.13,-1.274,0.0,0.0,0.0,0.0,0.0,0.0,0.0,0.0,0.0,0.0,0.0
2025-07-11 12:25:48.565,0.05,0.02,-0.2,0.49,-0.13,-1.274,0.0,0.0,0.0,0.0,0.0,0.0,0.0,0.0,0.0,0.0,0.0
2025-07-11 12:25:48.615,0.05,0.02,-0.2,0.49,-0.13,-1.274,0.0,0.0,0.0,0.0,0.0,0.0,0.0,0.0,0.0,0.0,0.0
2025-07-11 12:25:48.665,0.05,0.02,-0.2,0.49,-0.13,-1.274,0.0,0.0,0.0,0.0,0.0,0.0,0.0,0.0,0.0,0.0,0.0
2025-07-11 12:25:48.716,0.05,0.02,-0.2,0.49,-0.13,-1.274,0.0,0.0,0.0,0.0,0.0,0.0,0.0,0.0,0.0,0.0,0.0
2025-07-11 12:25:48.766,0.05,0.02,-0.2,0.49,-0.13,-1.274,0.0,0.0,0.0,0.0,0.0,0.0,0.0,0.0,0.0,0.0,0.0
2025-07-11 12:25:48.816,0.05,0.02,-0.2,0.49,-0.13,-1.274,0.0,0.0,0.0,0.0,0.0,0.0,0.0,0.0,0.0,0.0,0.0
2025-07-11 12:25:48.866,0.05,0.02,-0.2,0.49,-0.13,-1.274,0.0,0.0,0.0,0.0,0.0,0.0,0.0,0.0,0.0,0.0,0.0
2025-07-11 12:25:48.917,0.05,0.02,-0.2,0.49,-0.13,-1.274,0.0,0.0,0.0,0.0,0.0,0.0,0.0,0.0,0.0,0.0,0.0
2025-07-11 12:25:48.967,0.05,0.02,-0.2,0.49,-0.13,-1.274,0.0,0.0,0.0,0.0,0.0,0.0,0.0,0.0,0.0,0.0,0.0
2025-07-11 12:25:49.017,0.05,0.03,-0.2,0.49,-0.12,-1.176,0.0,0.0,0.0,0.0,0.0,0.0,0.0,0.0,0.0,0.0,0.0
2025-07-11 12:25:49.068,0.05,0.03,-0.2,0.49,-0.12,-1.176,0.0,0.0,0.0,0.0,0.0,0.0,0.0,0.0,0.0,0.0,0.0
2025-07-11 12:25:49.118,0.07,0.03,-0.2,0.49,-0.1,-0.98,0.0,0.0,0.0,0.0,0.0,0.0,0.0,0.0,0.0,0.0,0.0
2025-07-11 12:25:49.168,0.07,0.03,-0.2,0.49,-0.1,-0.98,0.0,0.0,0.0,0.0,0.0,0.0,0.0,0.0,0.0,0.0,0.0
2025-07-11 12:25:49.219,0.07,0.03,-0.2,0.49,-0.1,-0.98,0.0,0.0,0.0,0.0,0.0,0.0,0.0,0.0,0.0,0.0,0.0
2025-07-11 12:25:49.269,0.07,0.03,-0.2,0.49,-0.1,-0.98,0.0,0.0,0.0,0.0,0.0,0.0,0.0,0.0,0.0,0.0,0.0
2025-07-11 12:25:49.319,0.07,0.03,-0.2,0.49,-0.1,-0.98,0.0,0.0,0.0,0.0,0.0,0.0,0.0,0.0,0.0,0.0,0.0
2025-07-11 12:25:49.369,0.07,0.03,-0.2,0.49,-0.1,-0.98,0.0,0.0,0.0,0.0,0.0,0.0,0.0,0.0,0.0,0.0,0.0
2025-07-11 12:25:49.420,0.07,0.03,-0.2,0.49,-0.1,-0.98,0.0,0.0,0.0,0.0,0.0,0.0,0.0,0.0,0.0,0.0,0.0
2025-07-11 12:25:49.470,0.07,0.03,-0.2,0.49,-0.1,-0.98,0.0,0.0,0.0,0.0,0.0,0.0,0.0,0.0,0.0,0.0,0.0
2025-07-11 12:25:49.520,0.07,0.03,-0.2,0.49,-0.1,-0.98,0.0,0.0,0.0,0.0,0.0,0.0,0.0,0.0,0.0,0.0,0.0
2025-07-11 12:25:49.571,0.07,0.03,-0.2,0.49,-0.1,-0.98,0.0,0.0,0.0,0.0,0.0,0.0,0.0,0.0,0.0,0.0,0.0
2025-07-11 12:25:49.622,0.07,0.03,-0.2,0.49,-0.1,-0.98,0.0,0.0,0.0,0.0,0.0,0.0,0.0,0.0,0.0,0.0,0.0
2025-07-11 12:25:49.672,0.07,0.03,-0.2,0.49,-0.1,-0.98,0.0,0.0,0.0,0.0,0.0,0.0,0.0,0.0,0.0,0.0,0.0
2025-07-11 12:25:49.722,0.07,0.03,-0.2,0.49,-0.1,-0.98,0.0,0.0,0.0,0.0,0.0,0.0,0.0,0.0,0.0,0.0,0.0
2025-07-11 12:25:49.773,0.07,0.03,-0.2,0.49,-0.1,-0.98,0.0,0.0,0.0,0.0,0.0,0.0,0.0,0.0,0.0,0.0,0.0
2025-07-11 12:25:49.823,0.06,0.03,-0.2,0.47,-0.13,-1.274,0.0,0.0,0.0,0.0,0.0,0.0,0.0,0.0,0.0,0.0,0.0
2025-07-11 12:25:49.873,0.06,0.03,-0.2,0.47,-0.13,-1.274,0.0,0.0,0.0,0.0,0.0,0.0,0.0,0.0,0.0,0.0,0.0
2025-07-11 12:25:49.924,0.06,0.03,-0.2,0.47,-0.13,-1.274,0.0,0.0,0.0,0.0,0.0,0.0,0.0,0.0,0.0,0.0,0.0
2025-07-11 12:25:49.975,0.06,0.03,-0.2,0.47,-0.13,-1.274,0.0,0.0,0.0,0.0,0.0,0.0,0.0,0.0,0.0,0.0,0.0
2025-07-11 12:25:50.025,0.06,0.03,-0.2,0.47,-0.13,-1.274,0.0,0.0,0.0,0.0,0.0,0.0,0.0,0.0,0.0,0.0,0.0
2025-07-11 12:25:50.075,0.06,0.03,-0.2,0.47,-0.13,-1.274,0.0,0.0,0.0,0.0,0.0,0.0,0.0,0.0,0.0,0.0,0.0
2025-07-11 12:25:50.126,0.06,0.03,-0.2,0.47,-0.13,-1.274,0.0,0.0,0.0,0.0,0.0,0.0,0.0,0.0,0.0,0.0,0.0
2025-07-11 12:25:50.176,0.06,0.03,-0.2,0.47,-0.13,-1.274,0.0,0.0,0.0,0.0,0.0,0.0,0.0,0.0,0.0,0.0,0.0
2025-07-11 12:25:50.226,0.06,0.03,-0.2,0.47,-0.13,-1.274,0.0,0.0,0.0,0.0,0.0,0.0,0.0,0.0,0.0,0.0,0.0
2025-07-11 12:25:50.277,0.06,0.03,-0.2,0.47,-0.13,-1.274,0.0,0.0,0.0,0.0,0.0,0.0,0.0,0.0,0.0,0.0,0.0
2025-07-11 12:25:50.327,0.06,0.03,-0.2,0.47,-0.13,-1.274,0.0,0.0,0.0,0.0,0.0,0.0,0.0,0.0,0.0,0.0,0.0
2025-07-11 12:25:50.378,0.06,0.03,-0.2,0.47,-0.13,-1.274,0.0,0.0,0.0,0.0,0.0,0.0,0.0,0.0,0.0,0.0,0.0
2025-07-11 12:25:50.428,0.06,0.03,-0.2,0.47,-0.13,-1.274,0.0,0.0,0.0,0.0,0.0,0.0,0.0,0.0,0.0,0.0,0.0
2025-07-11 12:25:50.478,0.07,0.03,-0.2,0.47,-0.12,-1.176,0.0,0.0,0.0,0.0,0.0,0.0,0.0,0.0,0.0,0.0,0.0
2025-07-11 12:25:50.529,0.07,0.03,-0.2,0.48,-0.11,-1.078,0.0,0.0,0.0,0.0,0.0,0.0,0.0,0.0,0.0,0.0,0.0
2025-07-11 12:25:50.579,0.07,0.03,-0.2,0.48,-0.11,-1.078,0.0,0.0,0.0,0.0,0.0,0.0,0.0,0.0,0.0,0.0,0.0
2025-07-11 12:25:50.629,0.07,0.03,-0.2,0.48,-0.11,-1.078,0.0,0.0,0.0,0.0,0.0,0.0,0.0,0.0,0.0,0.0,0.0
2025-07-11 12:25:50.680,0.07,0.03,-0.2,0.48,-0.11,-1.078,0.0,0.0,0.0,0.0,0.0,0.0,0.0,0.0,0.0,0.0,0.0
2025-07-11 12:25:50.730,0.07,0.03,-0.2,0.48,-0.11,-1.078,0.0,0.0,0.0,0.0,0.0,0.0,0.0,0.0,0.0,0.0,0.0
2025-07-11 12:25:50.780,0.07,0.03,-0.2,0.48,-0.11,-1.078,0.0,0.0,0.0,0.0,0.0,0.0,0.0,0.0,0.0,0.0,0.0
2025-07-11 12:25:50.830,0.07,0.03,-0.2,0.48,-0.11,-1.078,0.0,0.0,0.0,0.0,0.0,0.0,0.0,0.0,0.0,0.0,0.0
2025-07-11 12:25:50.881,0.07,0.03,-0.2,0.48,-0.11,-1.078,0.0,0.0,0.0,0.0,0.0,0.0,0.0,0.0,0.0,0.0,0.0
2025-07-11 12:25:50.931,0.07,0.03,-0.2,0.48,-0.11,-1.078,0.0,0.0,0.0,0.0,0.0,0.0,0.0,0.0,0.0,0.0,0.0
2025-07-11 12:25:50.981,0.07,0.03,-0.2,0.48,-0.11,-1.078,0.0,0.0,0.0,0.0,0.0,0.0,0.0,0.0,0.0,0.0,0.0
2025-07-11 12:25:51.032,0.07,0.03,-0.2,0.48,-0.11,-1.078,0.0,0.0,0.0,0.0,0.0,0.0,0.0,0.0,0.0,0.0,0.0
2025-07-11 12:25:51.082,0.07,0.04,-0.2,0.48,-0.1,-0.98,0.0,0.0,0.0,0.0,0.0,0.0,0.0,0.0,0.0,0.0,0.0
2025-07-11 12:25:51.133,0.07,0.04,-0.2,0.48,-0.1,-0.98,0.0,0.0,0.0,0.0,0.0,0.0,0.0,0.0,0.0,0.0,0.0
2025-07-11 12:25:51.183,0.06,0.04,-0.2,0.48,-0.11,-1.078,0.0,0.0,0.0,0.0,0.0,0.0,0.0,0.0,0.0,0.0,0.0
2025-07-11 12:25:51.233,0.06,0.04,-0.2,0.51,-0.08,-0.784,0.0,0.0,0.0,0.0,0.0,0.0,0.0,0.0,0.0,0.0,0.0
2025-07-11 12:25:51.284,0.06,0.04,-0.2,0.51,-0.08,-0.784,0.0,0.0,0.0,0.0,0.0,0.0,0.0,0.0,0.0,0.0,0.0
2025-07-11 12:25:51.334,0.06,0.04,-0.2,0.51,-0.08,-0.784,0.0,0.0,0.0,0.0,0.0,0.0,0.0,0.0,0.0,0.0,0.0
2025-07-11 12:25:51.385,0.06,0.04,-0.2,0.51,-0.08,-0.784,0.0,0.0,0.0,0.0,0.0,0.0,0.0,0.0,0.0,0.0,0.0
2025-07-11 12:25:51.435,0.06,0.04,-0.2,0.51,-0.08,-0.784,0.0,0.0,0.0,0.0,0.0,0.0,0.0,0.0,0.0,0.0,0.0
2025-07-11 12:25:51.486,0.06,0.04,-0.2,0.51,-0.08,-0.784,0.0,0.0,0.0,0.0,0.0,0.0,0.0,0.0,0.0,0.0,0.0
2025-07-11 12:25:51.536,0.06,0.04,-0.2,0.51,-0.08,-0.784,0.0,0.0,0.0,0.0,0.0,0.0,0.0,0.0,0.0,0.0,0.0
2025-07-11 12:25:51.588,0.06,0.04,-0.2,0.51,-0.08,-0.784,0.0,0.0,0.0,0.0,0.0,0.0,0.0,0.0,0.0,0.0,0.0
2025-07-11 12:25:51.639,0.06,0.04,-0.2,0.51,-0.08,-0.784,0.0,0.0,0.0,0.0,0.0,0.0,0.0,0.0,0.0,0.0,0.0
2025-07-11 12:25:51.689,0.06,0.04,-0.2,0.51,-0.08,-0.784,0.0,0.0,0.0,0.0,0.0,0.0,0.0,0.0,0.0,0.0,0.0
2025-07-11 12:25:51.739,0.06,0.04,-0.2,0.51,-0.08,-0.784,0.0,0.0,0.0,0.0,0.0,0.0,0.0,0.0,0.0,0.0,0.0
2025-07-11 12:25:51.793,0.06,0.03,-0.2,0.51,-0.09,-0.882,0.0,0.0,0.0,0.0,0.0,0.0,0.0,0.0,0.0,0.0,0.0
2025-07-11 12:25:51.843,0.06,0.03,-0.2,0.51,-0.09,-0.882,0.0,0.0,0.0,0.0,0.0,0.0,0.0,0.0,0.0,0.0,0.0
2025-07-11 12:25:51.893,0.07,0.03,-0.2,0.51,-0.08,-0.784,0.0,0.0,0.0,0.0,0.0,0.0,0.0,0.0,0.0,0.0,0.0
2025-07-11 12:25:51.944,0.07,0.03,-0.2,0.49,-0.1,-0.98,0.0,0.0,0.0,0.0,0.0,0.0,0.0,0.0,0.0,0.0,0.0
2025-07-11 12:25:51.994,0.07,0.03,-0.2,0.49,-0.1,-0.98,0.0,0.0,0.0,0.0,0.0,0.0,0.0,0.0,0.0,0.0,0.0
2025-07-11 12:25:52.044,0.07,0.03,-0.2,0.49,-0.1,-0.98,0.0,0.0,0.0,0.0,0.0,0.0,0.0,0.0,0.0,0.0,0.0
2025-07-11 12:25:52.095,0.07,0.03,-0.2,0.49,-0.1,-0.98,0.0,0.0,0.0,0.0,0.0,0.0,0.0,0.0,0.0,0.0,0.0
2025-07-11 12:25:52.145,0.07,0.03,-0.2,0.49,-0.1,-0.98,0.0,0.0,0.0,0.0,0.0,0.0,0.0,0.0,0.0,0.0,0.0
2025-07-11 12:25:52.195,0.07,0.03,-0.2,0.49,-0.1,-0.98,0.0,0.0,0.0,0.0,0.0,0.0,0.0,0.0,0.0,0.0,0.0
2025-07-11 12:25:52.246,0.07,0.03,-0.2,0.49,-0.1,-0.98,0.0,0.0,0.0,0.0,0.0,0.0,0.0,0.0,0.0,0.0,0.0
2025-07-11 12:25:52.297,0.07,0.03,-0.2,0.49,-0.1,-0.98,0.0,0.0,0.0,0.0,0.0,0.0,0.0,0.0,0.0,0.0,0.0
2025-07-11 12:25:52.347,0.07,0.03,-0.2,0.49,-0.1,-0.98,0.0,0.0,0.0,0.0,0.0,0.0,0.0,0.0,0.0,0.0,0.0
2025-07-11 12:25:52.397,0.07,0.03,-0.2,0.49,-0.1,-0.98,0.0,0.0,0.0,0.0,0.0,0.0,0.0,0.0,0.0,0.0,0.0
2025-07-11 12:25:52.448,0.07,0.04,-0.2,0.49,-0.09,-0.882,0.0,0.0,0.0,0.0,0.0,0.0,0.0,0.0,0.0,0.0,0.0
2025-07-11 12:25:52.498,0.07,0.04,-0.2,0.49,-0.09,-0.882,0.0,0.0,0.0,0.0,0.0,0.0,0.0,0.0,0.0,0.0,0.0
2025-07-11 12:25:52.548,0.07,0.04,-0.2,0.49,-0.09,-0.882,0.0,0.0,0.0,0.0,0.0,0.0,0.0,0.0,0.0,0.0,0.0
2025-07-11 12:25:52.599,0.07,0.04,-0.2,0.49,-0.09,-0.882,0.0,0.0,0.0,0.0,0.0,0.0,0.0,0.0,0.0,0.0,0.0
2025-07-11 12:25:52.649,0.07,0.04,-0.2,0.5,-0.08,-0.784,0.0,0.0,0.0,0.0,0.0,0.0,0.0,0.0,0.0,0.0,0.0
2025-07-11 12:25:52.699,0.07,0.04,-0.2,0.5,-0.08,-0.784,0.0,0.0,0.0,0.0,0.0,0.0,0.0,0.0,0.0,0.0,0.0
2025-07-11 12:25:52.750,0.07,0.04,-0.2,0.5,-0.08,-0.784,0.0,0.0,0.0,0.0,0.0,0.0,0.0,0.0,0.0,0.0,0.0
2025-07-11 12:25:52.800,0.07,0.04,-0.2,0.5,-0.08,-0.784,0.0,0.0,0.0,0.0,0.0,0.0,0.0,0.0,0.0,0.0,0.0
2025-07-11 12:25:52.850,0.07,0.04,-0.2,0.5,-0.08,-0.784,0.0,0.0,0.0,0.0,0.0,0.0,0.0,0.0,0.0,0.0,0.0
2025-07-11 12:25:52.901,0.07,0.04,-0.2,0.5,-0.08,-0.784,0.0,0.0,0.0,0.0,0.0,0.0,0.0,0.0,0.0,0.0,0.0
2025-07-11 12:25:52.951,0.07,0.04,-0.2,0.5,-0.08,-0.784,0.0,0.0,0.0,0.0,0.0,0.0,0.0,0.0,0.0,0.0,0.0
2025-07-11 12:25:53.001,0.07,0.04,-0.2,0.5,-0.08,-0.784,0.0,0.0,0.0,0.0,0.0,0.0,0.0,0.0,0.0,0.0,0.0
2025-07-11 12:25:53.051,0.07,0.04,-0.2,0.5,-0.08,-0.784,0.0,0.0,0.0,0.0,0.0,0.0,0.0,0.0,0.0,0.0,0.0
2025-07-11 12:25:53.102,0.07,0.04,-0.2,0.5,-0.08,-0.784,0.0,0.0,0.0,0.0,0.0,0.0,0.0,0.0,0.0,0.0,0.0
2025-07-11 12:25:53.152,0.07,0.04,-0.2,0.5,-0.08,-0.784,0.0,0.0,0.0,0.0,0.0,0.0,0.0,0.0,0.0,0.0,0.0
2025-07-11 12:25:53.202,0.07,0.04,-0.2,0.5,-0.08,-0.784,0.0,0.0,0.0,0.0,0.0,0.0,0.0,0.0,0.0,0.0,0.0
2025-07-11 12:25:53.253,0.06,0.04,-0.2,0.5,-0.09,-0.882,0.0,0.0,0.0,0.0,0.0,0.0,0.0,0.0,0.0,0.0,0.0
2025-07-11 12:25:53.303,0.06,0.04,-0.2,0.5,-0.09,-0.882,0.0,0.0,0.0,0.0,0.0,0.0,0.0,0.0,0.0,0.0,0.0
2025-07-11 12:25:53.353,0.06,0.04,-0.2,0.5,-0.09,-0.882,0.0,0.0,0.0,0.0,0.0,0.0,0.0,0.0,0.0,0.0,0.0
2025-07-11 12:25:53.404,0.06,0.04,-0.2,0.5,-0.09,-0.882,0.0,0.0,0.0,0.0,0.0,0.0,0.0,0.0,0.0,0.0,0.0
2025-07-11 12:25:53.454,0.06,0.04,-0.2,0.5,-0.09,-0.882,0.0,0.0,0.0,0.0,0.0,0.0,0.0,0.0,0.0,0.0,0.0
2025-07-11 12:25:53.505,0.06,0.04,-0.2,0.5,-0.09,-0.882,0.0,0.0,0.0,0.0,0.0,0.0,0.0,0.0,0.0,0.0,0.0
2025-07-11 12:25:53.555,0.06,0.04,-0.2,0.5,-0.09,-0.882,0.0,0.0,0.0,0.0,0.0,0.0,0.0,0.0,0.0,0.0,0.0
2025-07-11 12:25:53.609,0.06,0.04,-0.2,0.5,-0.09,-0.882,0.0,0.0,0.0,0.0,0.0,0.0,0.0,0.0,0.0,0.0,0.0
2025-07-11 12:25:53.659,0.06,0.04,-0.2,0.48,-0.11,-1.078,0.0,0.0,0.0,0.0,0.0,0.0,0.0,0.0,0.0,0.0,0.0
2025-07-11 12:25:53.710,0.06,0.04,-0.2,0.48,-0.11,-1.078,0.0,0.0,0.0,0.0,0.0,0.0,0.0,0.0,0.0,0.0,0.0
2025-07-11 12:25:53.762,0.06,0.04,-0.2,0.48,-0.11,-1.078,0.0,0.0,0.0,0.0,0.0,0.0,0.0,0.0,0.0,0.0,0.0
2025-07-11 12:25:53.812,0.06,0.03,-0.2,0.48,-0.12,-1.176,0.0,0.0,0.0,0.0,0.0,0.0,0.0,0.0,0.0,0.0,0.0
2025-07-11 12:25:53.862,0.06,0.03,-0.2,0.48,-0.12,-1.176,0.0,0.0,0.0,0.0,0.0,0.0,0.0,0.0,0.0,0.0,0.0
2025-07-11 12:25:53.913,0.06,0.03,-0.2,0.48,-0.12,-1.176,0.0,0.0,0.0,0.0,0.0,0.0,0.0,0.0,0.0,0.0,0.0
2025-07-11 12:25:53.963,0.06,0.03,-0.2,0.48,-0.12,-1.176,0.0,0.0,0.0,0.0,0.0,0.0,0.0,0.0,0.0,0.0,0.0
2025-07-11 12:25:54.014,0.06,0.03,-0.2,0.48,-0.12,-1.176,0.0,0.0,0.0,0.0,0.0,0.0,0.0,0.0,0.0,0.0,0.0
2025-07-11 12:25:54.064,0.06,0.03,-0.2,0.48,-0.12,-1.176,0.0,0.0,0.0,0.0,0.0,0.0,0.0,0.0,0.0,0.0,0.0
2025-07-11 12:25:54.114,0.06,0.03,-0.2,0.48,-0.12,-1.176,0.0,0.0,0.0,0.0,0.0,0.0,0.0,0.0,0.0,0.0,0.0
2025-07-11 12:25:54.165,0.06,0.03,-0.2,0.48,-0.12,-1.176,0.0,0.0,0.0,0.0,0.0,0.0,0.0,0.0,0.0,0.0,0.0
2025-07-11 12:25:54.215,0.06,0.03,-0.2,0.48,-0.12,-1.176,0.0,0.0,0.0,0.0,0.0,0.0,0.0,0.0,0.0,0.0,0.0
2025-07-11 12:25:54.266,0.06,0.03,-0.19,0.48,-0.11,-1.078,0.0,0.0,0.0,0.0,0.0,0.0,0.0,0.0,0.0,0.0,0.0
2025-07-11 12:25:54.316,0.06,0.03,-0.19,0.48,-0.11,-1.078,0.0,0.0,0.0,0.0,0.0,0.0,0.0,0.0,0.0,0.0,0.0
2025-07-11 12:25:54.366,0.06,0.03,-0.19,0.48,-0.11,-1.078,0.0,0.0,0.0,0.0,0.0,0.0,0.0,0.0,0.0,0.0,0.0
2025-07-11 12:25:54.417,0.06,0.03,-0.19,0.48,-0.11,-1.078,0.0,0.0,0.0,0.0,0.0,0.0,0.0,0.0,0.0,0.0,0.0
2025-07-11 12:25:54.468,0.06,0.03,-0.19,0.48,-0.11,-1.078,0.0,0.0,0.0,0.0,0.0,0.0,0.0,0.0,0.0,0.0,0.0
2025-07-11 12:25:54.519,0.06,0.01,-0.19,0.48,-0.13,-1.274,0.0,0.0,0.0,0.0,0.0,0.0,0.0,0.0,0.0,0.0,0.0
2025-07-11 12:25:54.569,0.06,0.01,-0.19,0.48,-0.13,-1.274,0.0,0.0,0.0,0.0,0.0,0.0,0.0,0.0,0.0,0.0,0.0
2025-07-11 12:25:54.620,0.06,0.01,-0.19,0.48,-0.13,-1.274,0.0,0.0,0.0,0.0,0.0,0.0,0.0,0.0,0.0,0.0,0.0
2025-07-11 12:25:54.670,0.07,0.01,-0.19,0.48,-0.12,-1.176,0.0,0.0,0.0,0.0,0.0,0.0,0.0,0.0,0.0,0.0,0.0
2025-07-11 12:25:54.720,0.07,0.01,-0.19,0.48,-0.12,-1.176,0.0,0.0,0.0,0.0,0.0,0.0,0.0,0.0,0.0,0.0,0.0
2025-07-11 12:25:54.771,0.07,0.01,-0.19,0.48,-0.12,-1.176,0.0,0.0,0.0,0.0,0.0,0.0,0.0,0.0,0.0,0.0,0.0
2025-07-11 12:25:54.821,0.07,0.01,-0.19,0.48,-0.12,-1.176,0.0,0.0,0.0,0.0,0.0,0.0,0.0,0.0,0.0,0.0,0.0
2025-07-11 12:25:54.872,0.07,0.01,-0.19,0.48,-0.12,-1.176,0.0,0.0,0.0,0.0,0.0,0.0,0.0,0.0,0.0,0.0,0.0
2025-07-11 12:25:54.923,0.07,0.01,-0.19,0.48,-0.12,-1.176,0.0,0.0,0.0,0.0,0.0,0.0,0.0,0.0,0.0,0.0,0.0
2025-07-11 12:25:54.973,0.07,0.01,-0.19,0.48,-0.12,-1.176,0.0,0.0,0.0,0.0,0.0,0.0,0.0,0.0,0.0,0.0,0.0
2025-07-11 12:25:55.025,0.07,0.01,-0.19,0.48,-0.12,-1.176,0.0,0.0,0.0,0.0,0.0,0.0,0.0,0.0,0.0,0.0,0.0
2025-07-11 12:25:55.076,0.07,0.01,-0.19,0.48,-0.12,-1.176,0.0,0.0,0.0,0.0,0.0,0.0,0.0,0.0,0.0,0.0,0.0
2025-07-11 12:25:55.126,0.07,0.01,-0.19,0.48,-0.12,-1.176,0.0,0.0,0.0,0.0,0.0,0.0,0.0,0.0,0.0,0.0,0.0
2025-07-11 12:25:55.176,0.07,0.01,-0.19,0.48,-0.12,-1.176,0.0,0.0,0.0,0.0,0.0,0.0,0.0,0.0,0.0,0.0,0.0
2025-07-11 12:25:55.227,0.07,0.02,-0.19,0.48,-0.11,-1.078,0.0,0.0,0.0,0.0,0.0,0.0,0.0,0.0,0.0,0.0,0.0
2025-07-11 12:25:55.277,0.07,0.02,-0.19,0.48,-0.11,-1.078,0.0,0.0,0.0,0.0,0.0,0.0,0.0,0.0,0.0,0.0,0.0
2025-07-11 12:25:55.327,0.07,0.02,-0.19,0.48,-0.11,-1.078,0.0,0.0,0.0,0.0,0.0,0.0,0.0,0.0,0.0,0.0,0.0
2025-07-11 12:25:55.378,0.06,0.02,-0.19,0.48,-0.12,-1.176,0.0,0.0,0.0,0.0,0.0,0.0,0.0,0.0,0.0,0.0,0.0
2025-07-11 12:25:55.428,0.06,0.02,-0.19,0.48,-0.12,-1.176,0.0,0.0,0.0,0.0,0.0,0.0,0.0,0.0,0.0,0.0,0.0
2025-07-11 12:25:55.478,0.06,0.02,-0.19,0.48,-0.12,-1.176,0.0,0.0,0.0,0.0,0.0,0.0,0.0,0.0,0.0,0.0,0.0
2025-07-11 12:25:55.529,0.06,0.02,-0.19,0.48,-0.12,-1.176,0.0,0.0,0.0,0.0,0.0,0.0,0.0,0.0,0.0,0.0,0.0
2025-07-11 12:25:55.579,0.06,0.02,-0.19,0.48,-0.12,-1.176,0.0,0.0,0.0,0.0,0.0,0.0,0.0,0.0,0.0,0.0,0.0
2025-07-11 12:25:55.629,0.06,0.02,-0.2,0.48,-0.13,-1.274,0.0,0.0,0.0,0.0,0.0,0.0,0.0,0.0,0.0,0.0,0.0
2025-07-11 12:25:55.680,0.06,0.02,-0.2,0.48,-0.13,-1.274,0.0,0.0,0.0,0.0,0.0,0.0,0.0,0.0,0.0,0.0,0.0
2025-07-11 12:25:55.730,0.06,0.02,-0.2,0.48,-0.13,-1.274,0.0,0.0,0.0,0.0,0.0,0.0,0.0,0.0,0.0,0.0,0.0
2025-07-11 12:25:55.781,0.06,0.02,-0.2,0.48,-0.13,-1.274,0.0,0.0,0.0,0.0,0.0,0.0,0.0,0.0,0.0,0.0,0.0
2025-07-11 12:25:55.831,0.06,0.02,-0.2,0.48,-0.13,-1.274,0.0,0.0,0.0,0.0,0.0,0.0,0.0,0.0,0.0,0.0,0.0
2025-07-11 12:25:55.881,0.06,0.02,-0.2,0.48,-0.13,-1.274,0.0,0.0,0.0,0.0,0.0,0.0,0.0,0.0,0.0,0.0,0.0
2025-07-11 12:25:55.932,0.06,0.02,-0.2,0.48,-0.13,-1.274,0.0,0.0,0.0,0.0,0.0,0.0,0.0,0.0,0.0,0.0,0.0
2025-07-11 12:25:55.982,0.06,0.02,-0.2,0.48,-0.13,-1.274,0.0,0.0,0.0,0.0,0.0,0.0,0.0,0.0,0.0,0.0,0.0
2025-07-11 12:25:56.032,0.06,0.02,-0.2,0.48,-0.13,-1.274,0.0,0.0,0.0,0.0,0.0,0.0,0.0,0.0,0.0,0.0,0.0
2025-07-11 12:25:56.082,0.06,0.02,-0.2,0.48,-0.13,-1.274,0.0,0.0,0.0,0.0,0.0,0.0,0.0,0.0,0.0,0.0,0.0
2025-07-11 12:25:56.133,0.06,0.02,-0.2,0.48,-0.13,-1.274,0.0,0.0,0.0,0.0,0.0,0.0,0.0,0.0,0.0,0.0,0.0
2025-07-11 12:25:56.183,0.06,0.02,-0.2,0.48,-0.13,-1.274,0.0,0.0,0.0,0.0,0.0,0.0,0.0,0.0,0.0,0.0,0.0
2025-07-11 12:25:56.233,0.06,0.02,-0.2,0.48,-0.13,-1.274,0.0,0.0,0.0,0.0,0.0,0.0,0.0,0.0,0.0,0.0,0.0
2025-07-11 12:25:56.284,0.06,0.02,-0.2,0.48,-0.13,-1.274,0.0,0.0,0.0,0.0,0.0,0.0,0.0,0.0,0.0,0.0,0.0
2025-07-11 12:25:56.334,0.06,0.02,-0.2,0.48,-0.13,-1.274,0.0,0.0,0.0,0.0,0.0,0.0,0.0,0.0,0.0,0.0,0.0
2025-07-11 12:25:56.384,0.06,0.02,-0.2,0.48,-0.13,-1.274,0.0,0.0,0.0,0.0,0.0,0.0,0.0,0.0,0.0,0.0,0.0
2025-07-11 12:25:56.435,0.06,0.02,-0.2,0.48,-0.13,-1.274,0.0,0.0,0.0,0.0,0.0,0.0,0.0,0.0,0.0,0.0,0.0
2025-07-11 12:25:56.485,0.06,0.02,-0.2,0.48,-0.13,-1.274,0.0,0.0,0.0,0.0,0.0,0.0,0.0,0.0,0.0,0.0,0.0
2025-07-11 12:25:56.536,0.06,0.02,-0.2,0.48,-0.13,-1.274,0.0,0.0,0.0,0.0,0.0,0.0,0.0,0.0,0.0,0.0,0.0
2025-07-11 12:25:56.586,0.06,0.01,-0.2,0.48,-0.14,-1.372,0.0,0.0,0.0,0.0,0.0,0.0,0.0,0.0,0.0,0.0,0.0
2025-07-11 12:25:56.636,0.06,0.01,-0.2,0.48,-0.14,-1.372,0.0,0.0,0.0,0.0,0.0,0.0,0.0,0.0,0.0,0.0,0.0
2025-07-11 12:25:56.687,0.06,0.01,-0.2,0.48,-0.14,-1.372,0.0,0.0,0.0,0.0,0.0,0.0,0.0,0.0,0.0,0.0,0.0
2025-07-11 12:25:56.737,0.06,0.01,-0.2,0.48,-0.14,-1.372,0.0,0.0,0.0,0.0,0.0,0.0,0.0,0.0,0.0,0.0,0.0
2025-07-11 12:25:56.787,0.06,0.01,-0.2,0.48,-0.14,-1.372,0.0,0.0,0.0,0.0,0.0,0.0,0.0,0.0,0.0,0.0,0.0
2025-07-11 12:25:56.838,0.06,0.01,-0.2,0.48,-0.14,-1.372,0.0,0.0,0.0,0.0,0.0,0.0,0.0,0.0,0.0,0.0,0.0
2025-07-11 12:25:56.888,0.06,0.01,-0.2,0.48,-0.14,-1.372,0.0,0.0,0.0,0.0,0.0,0.0,0.0,0.0,0.0,0.0,0.0
2025-07-11 12:25:56.938,0.06,0.01,-0.2,0.48,-0.14,-1.372,0.0,0.0,0.0,0.0,0.0,0.0,0.0,0.0,0.0,0.0,0.0
2025-07-11 12:25:56.989,0.06,0.01,-0.2,0.48,-0.14,-1.372,0.0,0.0,0.0,0.0,0.0,0.0,0.0,0.0,0.0,0.0,0.0
2025-07-11 12:25:57.039,0.06,0.01,-0.19,0.48,-0.13,-1.274,0.0,0.0,0.0,0.0,0.0,0.0,0.0,0.0,0.0,0.0,0.0
2025-07-11 12:25:57.089,0.06,0.01,-0.19,0.48,-0.13,-1.274,0.0,0.0,0.0,0.0,0.0,0.0,0.0,0.0,0.0,0.0,0.0
2025-07-11 12:25:57.140,0.06,0.01,-0.19,0.48,-0.13,-1.274,0.0,0.0,0.0,0.0,0.0,0.0,0.0,0.0,0.0,0.0,0.0
2025-07-11 12:25:57.190,0.06,0.01,-0.19,0.48,-0.13,-1.274,0.0,0.0,0.0,0.0,0.0,0.0,0.0,0.0,0.0,0.0,0.0
2025-07-11 12:25:57.240,0.06,0.01,-0.19,0.48,-0.13,-1.274,0.0,0.0,0.0,0.0,0.0,0.0,0.0,0.0,0.0,0.0,0.0
2025-07-11 12:25:57.291,0.06,0.03,-0.19,0.48,-0.11,-1.078,0.0,0.0,0.0,0.0,0.0,0.0,0.0,0.0,0.0,0.0,0.0
2025-07-11 12:25:57.341,0.06,0.03,-0.19,0.48,-0.11,-1.078,0.0,0.0,0.0,0.0,0.0,0.0,0.0,0.0,0.0,0.0,0.0
2025-07-11 12:25:57.391,0.06,0.03,-0.19,0.48,-0.11,-1.078,0.0,0.0,0.0,0.0,0.0,0.0,0.0,0.0,0.0,0.0,0.0
2025-07-11 12:25:57.442,0.06,0.03,-0.19,0.48,-0.11,-1.078,0.0,0.0,0.0,0.0,0.0,0.0,0.0,0.0,0.0,0.0,0.0
2025-07-11 12:25:57.492,0.06,0.03,-0.19,0.48,-0.11,-1.078,0.0,0.0,0.0,0.0,0.0,0.0,0.0,0.0,0.0,0.0,0.0
2025-07-11 12:25:57.542,0.06,0.03,-0.19,0.48,-0.11,-1.078,0.0,0.0,0.0,0.0,0.0,0.0,0.0,0.0,0.0,0.0,0.0
2025-07-11 12:25:57.593,0.06,0.03,-0.19,0.48,-0.11,-1.078,0.0,0.0,0.0,0.0,0.0,0.0,0.0,0.0,0.0,0.0,0.0
2025-07-11 12:25:57.643,0.06,0.03,-0.19,0.48,-0.11,-1.078,0.0,0.0,0.0,0.0,0.0,0.0,0.0,0.0,0.0,0.0,0.0
2025-07-11 12:25:57.693,0.06,0.03,-0.2,0.48,-0.12,-1.176,0.0,0.0,0.0,0.0,0.0,0.0,0.0,0.0,0.0,0.0,0.0
2025-07-11 12:25:57.744,0.06,0.03,-0.2,0.48,-0.12,-1.176,0.0,0.0,0.0,0.0,0.0,0.0,0.0,0.0,0.0,0.0,0.0
2025-07-11 12:25:57.794,0.06,0.03,-0.2,0.48,-0.12,-1.176,0.0,0.0,0.0,0.0,0.0,0.0,0.0,0.0,0.0,0.0,0.0
2025-07-11 12:25:57.844,0.06,0.03,-0.2,0.46,-0.14,-1.372,0.0,0.0,0.0,0.0,0.0,0.0,0.0,0.0,0.0,0.0,0.0
2025-07-11 12:25:57.895,0.06,0.03,-0.2,0.46,-0.14,-1.372,0.0,0.0,0.0,0.0,0.0,0.0,0.0,0.0,0.0,0.0,0.0
2025-07-11 12:25:57.945,0.06,0.02,-0.2,0.46,-0.15,-1.47,0.0,0.0,0.0,0.0,0.0,0.0,0.0,0.0,0.0,0.0,0.0
2025-07-11 12:25:57.995,0.06,0.02,-0.2,0.46,-0.15,-1.47,0.0,0.0,0.0,0.0,0.0,0.0,0.0,0.0,0.0,0.0,0.0
2025-07-11 12:25:58.046,0.06,0.02,-0.2,0.46,-0.15,-1.47,0.0,0.0,0.0,0.0,0.0,0.0,0.0,0.0,0.0,0.0,0.0
2025-07-11 12:25:58.096,0.06,0.02,-0.2,0.46,-0.15,-1.47,0.0,0.0,0.0,0.0,0.0,0.0,0.0,0.0,0.0,0.0,0.0
2025-07-11 12:25:58.146,0.06,0.02,-0.2,0.46,-0.15,-1.47,0.0,0.0,0.0,0.0,0.0,0.0,0.0,0.0,0.0,0.0,0.0
2025-07-11 12:25:58.197,0.06,0.02,-0.2,0.46,-0.15,-1.47,0.0,0.0,0.0,0.0,0.0,0.0,0.0,0.0,0.0,0.0,0.0
2025-07-11 12:25:58.247,0.06,0.02,-0.2,0.46,-0.15,-1.47,0.0,0.0,0.0,0.0,0.0,0.0,0.0,0.0,0.0,0.0,0.0
2025-07-11 12:25:58.298,0.06,0.02,-0.2,0.46,-0.15,-1.47,0.0,0.0,0.0,0.0,0.0,0.0,0.0,0.0,0.0,0.0,0.0
2025-07-11 12:25:58.348,0.06,0.02,-0.2,0.46,-0.15,-1.47,0.0,0.0,0.0,0.0,0.0,0.0,0.0,0.0,0.0,0.0,0.0
2025-07-11 12:25:58.399,0.06,0.02,-0.19,0.46,-0.14,-1.372,0.0,0.0,0.0,0.0,0.0,0.0,0.0,0.0,0.0,0.0,0.0
2025-07-11 12:25:58.449,0.06,0.02,-0.19,0.46,-0.14,-1.372,0.0,0.0,0.0,0.0,0.0,0.0,0.0,0.0,0.0,0.0,0.0
2025-07-11 12:25:58.499,0.06,0.02,-0.19,0.46,-0.14,-1.372,0.0,0.0,0.0,0.0,0.0,0.0,0.0,0.0,0.0,0.0,0.0
2025-07-11 12:25:58.550,0.06,0.02,-0.19,0.49,-0.11,-1.078,0.0,0.0,0.0,0.0,0.0,0.0,0.0,0.0,0.0,0.0,0.0
2025-07-11 12:25:58.600,0.06,0.02,-0.19,0.49,-0.11,-1.078,0.0,0.0,0.0,0.0,0.0,0.0,0.0,0.0,0.0,0.0,0.0
2025-07-11 12:25:58.650,0.06,0.02,-0.19,0.49,-0.11,-1.078,0.0,0.0,0.0,0.0,0.0,0.0,0.0,0.0,0.0,0.0,0.0
2025-07-11 12:25:58.701,0.06,0.02,-0.19,0.49,-0.11,-1.078,0.0,0.0,0.0,0.0,0.0,0.0,0.0,0.0,0.0,0.0,0.0
2025-07-11 12:25:58.751,0.06,0.02,-0.19,0.49,-0.11,-1.078,0.0,0.0,0.0,0.0,0.0,0.0,0.0,0.0,0.0,0.0,0.0
2025-07-11 12:25:58.801,0.06,0.02,-0.19,0.49,-0.11,-1.078,0.0,0.0,0.0,0.0,0.0,0.0,0.0,0.0,0.0,0.0,0.0
2025-07-11 12:25:58.852,0.06,0.02,-0.19,0.49,-0.11,-1.078,0.0,0.0,0.0,0.0,0.0,0.0,0.0,0.0,0.0,0.0,0.0
2025-07-11 12:25:58.902,0.06,0.02,-0.19,0.49,-0.11,-1.078,0.0,0.0,0.0,0.0,0.0,0.0,0.0,0.0,0.0,0.0,0.0
2025-07-11 12:25:58.952,0.06,0.02,-0.19,0.49,-0.11,-1.078,0.0,0.0,0.0,0.0,0.0,0.0,0.0,0.0,0.0,0.0,0.0
2025-07-11 12:25:59.002,0.06,0.02,-0.19,0.49,-0.11,-1.078,0.0,0.0,0.0,0.0,0.0,0.0,0.0,0.0,0.0,0.0,0.0
2025-07-11 12:25:59.053,0.06,0.02,-0.19,0.49,-0.11,-1.078,0.0,0.0,0.0,0.0,0.0,0.0,0.0,0.0,0.0,0.0,0.0
2025-07-11 12:25:59.103,0.06,0.02,-0.19,0.49,-0.11,-1.078,0.0,0.0,0.0,0.0,0.0,0.0,0.0,0.0,0.0,0.0,0.0
2025-07-11 12:25:59.153,0.06,0.02,-0.19,0.49,-0.11,-1.078,0.0,0.0,0.0,0.0,0.0,0.0,0.0,0.0,0.0,0.0,0.0
2025-07-11 12:25:59.204,0.06,0.02,-0.19,0.49,-0.11,-1.078,0.0,0.0,0.0,0.0,0.0,0.0,0.0,0.0,0.0,0.0,0.0
2025-07-11 12:25:59.254,0.06,0.02,-0.19,0.48,-0.12,-1.176,0.0,0.0,0.0,0.0,0.0,0.0,0.0,0.0,0.0,0.0,0.0
2025-07-11 12:25:59.305,0.06,0.02,-0.19,0.48,-0.12,-1.176,0.0,0.0,0.0,0.0,0.0,0.0,0.0,0.0,0.0,0.0,0.0
2025-07-11 12:25:59.355,0.06,0.03,-0.19,0.48,-0.11,-1.078,0.0,0.0,0.0,0.0,0.0,0.0,0.0,0.0,0.0,0.0,0.0
2025-07-11 12:25:59.405,0.06,0.03,-0.19,0.48,-0.11,-1.078,0.0,0.0,0.0,0.0,0.0,0.0,0.0,0.0,0.0,0.0,0.0
2025-07-11 12:25:59.456,0.06,0.03,-0.19,0.48,-0.11,-1.078,0.0,0.0,0.0,0.0,0.0,0.0,0.0,0.0,0.0,0.0,0.0
2025-07-11 12:25:59.506,0.06,0.03,-0.19,0.48,-0.11,-1.078,0.0,0.0,0.0,0.0,0.0,0.0,0.0,0.0,0.0,0.0,0.0
2025-07-11 12:25:59.556,0.06,0.03,-0.19,0.48,-0.11,-1.078,0.0,0.0,0.0,0.0,0.0,0.0,0.0,0.0,0.0,0.0,0.0
2025-07-11 12:25:59.607,0.06,0.03,-0.19,0.48,-0.11,-1.078,0.0,0.0,0.0,0.0,0.0,0.0,0.0,0.0,0.0,0.0,0.0
2025-07-11 12:25:59.657,0.06,0.03,-0.19,0.48,-0.11,-1.078,0.0,0.0,0.0,0.0,0.0,0.0,0.0,0.0,0.0,0.0,0.0
2025-07-11 12:25:59.707,0.06,0.03,-0.19,0.48,-0.11,-1.078,0.0,0.0,0.0,0.0,0.0,0.0,0.0,0.0,0.0,0.0,0.0
2025-07-11 12:25:59.758,0.06,0.03,-0.19,0.48,-0.11,-1.078,0.0,0.0,0.0,0.0,0.0,0.0,0.0,0.0,0.0,0.0,0.0
2025-07-11 12:25:59.808,0.06,0.03,-0.19,0.48,-0.11,-1.078,0.0,0.0,0.0,0.0,0.0,0.0,0.0,0.0,0.0,0.0,0.0
2025-07-11 12:25:59.858,0.06,0.03,-0.19,0.48,-0.11,-1.078,0.0,0.0,0.0,0.0,0.0,0.0,0.0,0.0,0.0,0.0,0.0
2025-07-11 12:25:59.909,0.06,0.03,-0.19,0.48,-0.11,-1.078,0.0,0.0,0.0,0.0,0.0,0.0,0.0,0.0,0.0,0.0,0.0
2025-07-11 12:25:59.959,0.06,0.03,-0.19,0.48,-0.11,-1.078,0.0,0.0,0.0,0.0,0.0,0.0,0.0,0.0,0.0,0.0,0.0
2025-07-11 12:26:00.010,0.06,0.02,-0.19,0.48,-0.12,-1.176,0.0,0.0,0.0,0.0,0.0,0.0,0.0,0.0,0.0,0.0,0.0
2025-07-11 12:26:00.060,0.06,0.02,-0.19,0.48,-0.12,-1.176,0.0,0.0,0.0,0.0,0.0,0.0,0.0,0.0,0.0,0.0,0.0
2025-07-11 12:26:00.110,0.06,0.02,-0.19,0.48,-0.12,-1.176,0.0,0.0,0.0,0.0,0.0,0.0,0.0,0.0,0.0,0.0,0.0
2025-07-11 12:26:00.161,0.06,0.02,-0.19,0.48,-0.12,-1.176,0.0,0.0,0.0,0.0,0.0,0.0,0.0,0.0,0.0,0.0,0.0
2025-07-11 12:26:00.211,0.06,0.02,-0.19,0.48,-0.12,-1.176,0.0,0.0,0.0,0.0,0.0,0.0,0.0,0.0,0.0,0.0,0.0
2025-07-11 12:26:00.261,0.06,0.02,-0.19,0.48,-0.12,-1.176,0.0,0.0,0.0,0.0,0.0,0.0,0.0,0.0,0.0,0.0,0.0
2025-07-11 12:26:00.312,0.06,0.02,-0.19,0.48,-0.12,-1.176,0.0,0.0,0.0,0.0,0.0,0.0,0.0,0.0,0.0,0.0,0.0
2025-07-11 12:26:00.362,0.06,0.02,-0.19,0.48,-0.12,-1.176,0.0,0.0,0.0,0.0,0.0,0.0,0.0,0.0,0.0,0.0,0.0
2025-07-11 12:26:00.412,0.06,0.02,-0.19,0.48,-0.12,-1.176,0.0,0.0,0.0,0.0,0.0,0.0,0.0,0.0,0.0,0.0,0.0
2025-07-11 12:26:00.463,0.06,0.02,-0.19,0.48,-0.12,-1.176,0.0,0.0,0.0,0.0,0.0,0.0,0.0,0.0,0.0,0.0,0.0
2025-07-11 12:26:00.513,0.06,0.02,-0.19,0.48,-0.12,-1.176,0.0,0.0,0.0,0.0,0.0,0.0,0.0,0.0,0.0,0.0,0.0
2025-07-11 12:26:00.563,0.06,0.02,-0.19,0.48,-0.12,-1.176,0.0,0.0,0.0,0.0,0.0,0.0,0.0,0.0,0.0,0.0,0.0
2025-07-11 12:26:00.614,0.06,0.02,-0.19,0.48,-0.12,-1.176,0.0,0.0,0.0,0.0,0.0,0.0,0.0,0.0,0.0,0.0,0.0
2025-07-11 12:26:00.664,0.06,0.02,-0.19,0.47,-0.13,-1.274,0.0,0.0,0.0,0.0,0.0,0.0,0.0,0.0,0.0,0.0,0.0
2025-07-11 12:26:00.714,0.06,0.03,-0.19,0.47,-0.12,-1.176,0.0,0.0,0.0,0.0,0.0,0.0,0.0,0.0,0.0,0.0,0.0
2025-07-11 12:26:00.765,0.06,0.03,-0.18,0.47,-0.11,-1.078,0.0,0.0,0.0,0.0,0.0,0.0,0.0,0.0,0.0,0.0,0.0
2025-07-11 12:26:00.815,0.06,0.03,-0.18,0.47,-0.11,-1.078,0.0,0.0,0.0,0.0,0.0,0.0,0.0,0.0,0.0,0.0,0.0
2025-07-11 12:26:00.866,0.06,0.03,-0.18,0.47,-0.11,-1.078,0.0,0.0,0.0,0.0,0.0,0.0,0.0,0.0,0.0,0.0,0.0
2025-07-11 12:26:00.916,0.06,0.03,-0.18,0.47,-0.11,-1.078,0.0,0.0,0.0,0.0,0.0,0.0,0.0,0.0,0.0,0.0,0.0
2025-07-11 12:26:00.966,0.06,0.03,-0.18,0.47,-0.11,-1.078,0.0,0.0,0.0,0.0,0.0,0.0,0.0,0.0,0.0,0.0,0.0
2025-07-11 12:26:01.017,0.06,0.03,-0.18,0.47,-0.11,-1.078,0.0,0.0,0.0,0.0,0.0,0.0,0.0,0.0,0.0,0.0,0.0
2025-07-11 12:26:01.067,0.06,0.03,-0.18,0.47,-0.11,-1.078,0.0,0.0,0.0,0.0,0.0,0.0,0.0,0.0,0.0,0.0,0.0
2025-07-11 12:26:01.117,0.06,0.03,-0.18,0.47,-0.11,-1.078,0.0,0.0,0.0,0.0,0.0,0.0,0.0,0.0,0.0,0.0,0.0
2025-07-11 12:26:01.168,0.06,0.03,-0.18,0.47,-0.11,-1.078,0.0,0.0,0.0,0.0,0.0,0.0,0.0,0.0,0.0,0.0,0.0
2025-07-11 12:26:01.218,0.06,0.03,-0.18,0.47,-0.11,-1.078,0.0,0.0,0.0,0.0,0.0,0.0,0.0,0.0,0.0,0.0,0.0
2025-07-11 12:26:01.268,0.06,0.03,-0.18,0.47,-0.11,-1.078,0.0,0.0,0.0,0.0,0.0,0.0,0.0,0.0,0.0,0.0,0.0
2025-07-11 12:26:01.319,0.06,0.03,-0.18,0.47,-0.11,-1.078,0.0,0.0,0.0,0.0,0.0,0.0,0.0,0.0,0.0,0.0,0.0
2025-07-11 12:26:01.369,0.06,0.03,-0.18,0.47,-0.11,-1.078,0.0,0.0,0.0,0.0,0.0,0.0,0.0,0.0,0.0,0.0,0.0
2025-07-11 12:26:01.419,0.06,0.03,-0.18,0.47,-0.11,-1.078,0.0,0.0,0.0,0.0,0.0,0.0,0.0,0.0,0.0,0.0,0.0
2025-07-11 12:26:01.470,0.06,0.03,-0.18,0.47,-0.11,-1.078,0.0,0.0,0.0,0.0,0.0,0.0,0.0,0.0,0.0,0.0,0.0
2025-07-11 12:26:01.520,0.06,0.03,-0.18,0.47,-0.11,-1.078,0.0,0.0,0.0,0.0,0.0,0.0,0.0,0.0,0.0,0.0,0.0
2025-07-11 12:26:01.570,0.07,0.03,-0.18,0.47,-0.1,-0.98,0.0,0.0,0.0,0.0,0.0,0.0,0.0,0.0,0.0,0.0,0.0
2025-07-11 12:26:01.620,0.07,0.03,-0.18,0.47,-0.1,-0.98,0.0,0.0,0.0,0.0,0.0,0.0,0.0,0.0,0.0,0.0,0.0
2025-07-11 12:26:01.671,0.07,0.03,-0.18,0.47,-0.1,-0.98,0.0,0.0,0.0,0.0,0.0,0.0,0.0,0.0,0.0,0.0,0.0
2025-07-11 12:26:01.721,0.07,0.03,-0.18,0.47,-0.1,-0.98,0.0,0.0,0.0,0.0,0.0,0.0,0.0,0.0,0.0,0.0,0.0
2025-07-11 12:26:01.771,0.07,0.03,-0.18,0.47,-0.1,-0.98,0.0,0.0,0.0,0.0,0.0,0.0,0.0,0.0,0.0,0.0,0.0
2025-07-11 12:26:01.822,0.07,0.03,-0.18,0.47,-0.1,-0.98,0.0,0.0,0.0,0.0,0.0,0.0,0.0,0.0,0.0,0.0,0.0
2025-07-11 12:26:01.872,0.07,0.03,-0.18,0.47,-0.1,-0.98,0.0,0.0,0.0,0.0,0.0,0.0,0.0,0.0,0.0,0.0,0.0
2025-07-11 12:26:01.922,0.07,0.03,-0.18,0.47,-0.1,-0.98,0.0,0.0,0.0,0.0,0.0,0.0,0.0,0.0,0.0,0.0,0.0
2025-07-11 12:26:01.973,0.07,0.03,-0.18,0.47,-0.1,-0.98,0.0,0.0,0.0,0.0,0.0,0.0,0.0,0.0,0.0,0.0,0.0
2025-07-11 12:26:02.024,0.07,0.03,-0.18,0.47,-0.1,-0.98,0.0,0.0,0.0,0.0,0.0,0.0,0.0,0.0,0.0,0.0,0.0
2025-07-11 12:26:02.074,0.07,0.03,-0.18,0.48,-0.09,-0.882,0.0,0.0,0.0,0.0,0.0,0.0,0.0,0.0,0.0,0.0,0.0
2025-07-11 12:26:02.124,0.07,0.03,-0.19,0.48,-0.1,-0.98,0.0,0.0,0.0,0.0,0.0,0.0,0.0,0.0,0.0,0.0,0.0
2025-07-11 12:26:02.175,0.07,0.03,-0.19,0.48,-0.1,-0.98,0.0,0.0,0.0,0.0,0.0,0.0,0.0,0.0,0.0,0.0,0.0
2025-07-11 12:26:02.225,0.07,0.03,-0.19,0.48,-0.1,-0.98,0.0,0.0,0.0,0.0,0.0,0.0,0.0,0.0,0.0,0.0,0.0
2025-07-11 12:26:02.275,0.07,0.03,-0.19,0.48,-0.1,-0.98,0.0,0.0,0.0,0.0,0.0,0.0,0.0,0.0,0.0,0.0,0.0
2025-07-11 12:26:02.326,0.07,0.03,-0.19,0.48,-0.1,-0.98,0.0,0.0,0.0,0.0,0.0,0.0,0.0,0.0,0.0,0.0,0.0
2025-07-11 12:26:02.376,0.07,0.03,-0.19,0.48,-0.1,-0.98,0.0,0.0,0.0,0.0,0.0,0.0,0.0,0.0,0.0,0.0,0.0
2025-07-11 12:26:02.426,0.07,0.02,-0.19,0.48,-0.11,-1.078,0.0,0.0,0.0,0.0,0.0,0.0,0.0,0.0,0.0,0.0,0.0
2025-07-11 12:26:02.476,0.07,0.02,-0.19,0.48,-0.11,-1.078,0.0,0.0,0.0,0.0,0.0,0.0,0.0,0.0,0.0,0.0,0.0
2025-07-11 12:26:02.527,0.07,0.02,-0.19,0.48,-0.11,-1.078,0.0,0.0,0.0,0.0,0.0,0.0,0.0,0.0,0.0,0.0,0.0
2025-07-11 12:26:02.577,0.07,0.02,-0.19,0.48,-0.11,-1.078,0.0,0.0,0.0,0.0,0.0,0.0,0.0,0.0,0.0,0.0,0.0
2025-07-11 12:26:02.628,0.07,0.02,-0.19,0.48,-0.11,-1.078,0.0,0.0,0.0,0.0,0.0,0.0,0.0,0.0,0.0,0.0,0.0
2025-07-11 12:26:02.678,0.07,0.02,-0.19,0.48,-0.11,-1.078,0.0,0.0,0.0,0.0,0.0,0.0,0.0,0.0,0.0,0.0,0.0
2025-07-11 12:26:02.728,0.07,0.02,-0.19,0.48,-0.11,-1.078,0.0,0.0,0.0,0.0,0.0,0.0,0.0,0.0,0.0,0.0,0.0
2025-07-11 12:26:02.778,0.07,0.02,-0.18,0.49,-0.09,-0.882,0.0,0.0,0.0,0.0,0.0,0.0,0.0,0.0,0.0,0.0,0.0
2025-07-11 12:26:02.829,0.07,0.02,-0.18,0.49,-0.09,-0.882,0.0,0.0,0.0,0.0,0.0,0.0,0.0,0.0,0.0,0.0,0.0
2025-07-11 12:26:02.879,0.07,0.02,-0.18,0.49,-0.09,-0.882,0.0,0.0,0.0,0.0,0.0,0.0,0.0,0.0,0.0,0.0,0.0
2025-07-11 12:26:02.931,0.07,0.02,-0.18,0.49,-0.09,-0.882,0.0,0.0,0.0,0.0,0.0,0.0,0.0,0.0,0.0,0.0,0.0
2025-07-11 12:26:02.982,0.07,0.02,-0.18,0.49,-0.09,-0.882,0.0,0.0,0.0,0.0,0.0,0.0,0.0,0.0,0.0,0.0,0.0
2025-07-11 12:26:03.032,0.07,0.02,-0.18,0.49,-0.09,-0.882,0.0,0.0,0.0,0.0,0.0,0.0,0.0,0.0,0.0,0.0,0.0
2025-07-11 12:26:03.082,0.07,0.02,-0.18,0.49,-0.09,-0.882,0.0,0.0,0.0,0.0,0.0,0.0,0.0,0.0,0.0,0.0,0.0
2025-07-11 12:26:03.132,0.07,0.01,-0.18,0.49,-0.1,-0.98,0.0,0.0,0.0,0.0,0.0,0.0,0.0,0.0,0.0,0.0,0.0
2025-07-11 12:26:03.183,0.07,0.01,-0.18,0.49,-0.1,-0.98,0.0,0.0,0.0,0.0,0.0,0.0,0.0,0.0,0.0,0.0,0.0
2025-07-11 12:26:03.233,0.07,0.01,-0.18,0.49,-0.1,-0.98,0.0,0.0,0.0,0.0,0.0,0.0,0.0,0.0,0.0,0.0,0.0
2025-07-11 12:26:03.283,0.07,0.01,-0.18,0.49,-0.1,-0.98,0.0,0.0,0.0,0.0,0.0,0.0,0.0,0.0,0.0,0.0,0.0
2025-07-11 12:26:03.334,0.07,0.01,-0.18,0.49,-0.1,-0.98,0.0,0.0,0.0,0.0,0.0,0.0,0.0,0.0,0.0,0.0,0.0
2025-07-11 12:26:03.384,0.07,0.01,-0.18,0.49,-0.1,-0.98,0.0,0.0,0.0,0.0,0.0,0.0,0.0,0.0,0.0,0.0,0.0
2025-07-11 12:26:03.434,0.07,0.01,-0.18,0.48,-0.11,-1.078,0.0,0.0,0.0,0.0,0.0,0.0,0.0,0.0,0.0,0.0,0.0
2025-07-11 12:26:03.485,0.07,0.01,-0.18,0.48,-0.11,-1.078,0.0,0.0,0.0,0.0,0.0,0.0,0.0,0.0,0.0,0.0,0.0
2025-07-11 12:26:03.535,0.07,0.01,-0.18,0.48,-0.11,-1.078,0.0,0.0,0.0,0.0,0.0,0.0,0.0,0.0,0.0,0.0,0.0
2025-07-11 12:26:03.585,0.07,0.01,-0.18,0.48,-0.11,-1.078,0.0,0.0,0.0,0.0,0.0,0.0,0.0,0.0,0.0,0.0,0.0
2025-07-11 12:26:03.636,0.07,0.01,-0.18,0.48,-0.11,-1.078,0.0,0.0,0.0,0.0,0.0,0.0,0.0,0.0,0.0,0.0,0.0
2025-07-11 12:26:03.686,0.07,0.01,-0.18,0.48,-0.11,-1.078,0.0,0.0,0.0,0.0,0.0,0.0,0.0,0.0,0.0,0.0,0.0
2025-07-11 12:26:03.736,0.07,0.01,-0.18,0.48,-0.11,-1.078,0.0,0.0,0.0,0.0,0.0,0.0,0.0,0.0,0.0,0.0,0.0
2025-07-11 12:26:03.787,0.07,0.02,-0.18,0.48,-0.1,-0.98,0.0,0.0,0.0,0.0,0.0,0.0,0.0,0.0,0.0,0.0,0.0
2025-07-11 12:26:03.837,0.07,0.02,-0.18,0.48,-0.1,-0.98,0.0,0.0,0.0,0.0,0.0,0.0,0.0,0.0,0.0,0.0,0.0
2025-07-11 12:26:03.887,0.07,0.02,-0.18,0.48,-0.1,-0.98,0.0,0.0,0.0,0.0,0.0,0.0,0.0,0.0,0.0,0.0,0.0
2025-07-11 12:26:03.937,0.07,0.02,-0.18,0.48,-0.1,-0.98,0.0,0.0,0.0,0.0,0.0,0.0,0.0,0.0,0.0,0.0,0.0
2025-07-11 12:26:03.988,0.07,0.02,-0.18,0.48,-0.1,-0.98,0.0,0.0,0.0,0.0,0.0,0.0,0.0,0.0,0.0,0.0,0.0
2025-07-11 12:26:04.038,0.07,0.02,-0.18,0.48,-0.1,-0.98,0.0,0.0,0.0,0.0,0.0,0.0,0.0,0.0,0.0,0.0,0.0
2025-07-11 12:26:04.088,0.07,0.02,-0.18,0.48,-0.1,-0.98,0.0,0.0,0.0,0.0,0.0,0.0,0.0,0.0,0.0,0.0,0.0
2025-07-11 12:26:04.139,0.07,0.02,-0.18,0.47,-0.11,-1.078,0.0,0.0,0.0,0.0,0.0,0.0,0.0,0.0,0.0,0.0,0.0
2025-07-11 12:26:04.189,0.07,0.02,-0.18,0.47,-0.11,-1.078,0.0,0.0,0.0,0.0,0.0,0.0,0.0,0.0,0.0,0.0,0.0
2025-07-11 12:26:04.240,0.07,0.02,-0.18,0.47,-0.11,-1.078,0.0,0.0,0.0,0.0,0.0,0.0,0.0,0.0,0.0,0.0,0.0
