Timestamp,Thrust_0Deg (Kg),Thrust_90Deg (Kg),Thrust_180Deg (Kg),Thrust_270Deg (Kg),Total Weight (Kg),Total Thrust (N),RPM168,Torque (Nm)160,Motor Temp (°C)73,Current (A)32,Vdc (V)235,Vout(V)138,IGBT Temp(°C)74,RPM Command49,Battery_Volt(V)546,Battery_Bus_Volt(V)546,Battery_Power(W)546
2025-05-30 13:01:23.111,0.0,0.0,0.0,0.0,-2.0,-19.6,0.0,0.0,0.0,0.0,566.46,0.0,22,0.0,0.0,0.0,0.0
2025-05-30 13:01:23.162,0.0,0.0,0.0,0.0,-2.0,-19.6,0.0,0.0,22.6,0.0,566.59,16,22,0.0,568.6,0.0,90
2025-05-30 13:01:23.213,0.0,0.0,0.0,0.0,-2.0,-19.6,0.0,0.0,22.6,-0.14,566.49,17,22,0.0,568.6,0.0,90
2025-05-30 13:01:23.264,0.0,0.0,0.0,0.0,-2.0,-19.6,0.0,0.0,22.6,-0.14,566.62,15,22,0.0,568.6,0.0,90
2025-05-30 13:01:23.314,0.0,0.0,0.0,0.0,-2.0,-19.6,0.0,0.0,22.6,-0.14,566.56,18,22,0.0,568.6,0.0,90
2025-05-30 13:01:23.366,0.0,0.0,0.0,0.0,-2.0,-19.6,0.0,0.0,22.6,0.14,566.56,16,22,0.0,568.6,0.0,90
2025-05-30 13:01:23.417,0.0,0.0,0.0,0.0,-2.0,-19.6,0.0,0.0,22.6,0.14,566.52,17,22,0.0,568.6,0.0,90
2025-05-30 13:01:23.468,0.0,0.0,0.0,0.0,-2.0,-19.6,0.0,0.0,22.6,0.0,566.49,17,22,0.0,568.6,0.0,90
2025-05-30 13:01:23.518,0.0,0.0,0.0,0.0,-2.0,-19.6,0.0,0.0,22.6,0.0,566.46,18,22,0.0,568.6,0.0,90
2025-05-30 13:01:23.569,0.0,0.0,0.0,0.0,-2.0,-19.6,0.0,0.0,22.6,0.0,566.52,16,22,0.0,568.6,0.0,90
2025-05-30 13:01:23.620,0.0,0.0,0.0,0.0,-2.0,-19.6,0.0,0.0,22.6,0.14,566.56,17,22,0.0,568.6,0.0,90
2025-05-30 13:01:23.674,0.0,0.0,0.0,0.0,-2.0,-19.6,0.0,0.0,22.6,0.14,566.52,17,22,0.0,568.6,0.0,90
2025-05-30 13:01:23.724,0.0,0.0,0.0,0.0,-2.0,-19.6,0.0,0.0,22.6,0.0,566.52,20,22,0.0,568.6,0.0,90
2025-05-30 13:01:23.777,0.0,0.0,0.0,0.0,-2.0,-19.6,0.0,0.24,22.6,0.14,566.59,16,22,0.0,568.6,0.0,100
2025-05-30 13:01:23.828,0.0,0.0,0.0,0.0,-2.0,-19.6,0.0,0.12,22.6,0.42,566.52,16,22,0.0,568.6,0.0,100
2025-05-30 13:01:23.879,0.0,0.0,0.0,0.0,-2.0,-19.6,0.0,0.12,22.6,0.14,566.52,15,22,0.0,568.6,0.0,90
2025-05-30 13:01:23.930,0.0,0.0,0.0,0.0,-2.0,-19.6,0.0,0.0,22.6,0.14,566.68,18,22,0.0,568.6,0.0,90
2025-05-30 13:01:23.981,0.0,0.0,0.0,0.0,-2.0,-19.6,0.0,0.0,22.6,0.0,566.74,13,22,0.0,568.6,0.0,90
2025-05-30 13:01:24.032,0.0,0.0,-0.95,0.0,-2.95,-28.91,0.0,0.0,22.7,-0.14,566.59,16,22,0.0,568.6,0.0,90
2025-05-30 13:01:24.083,-3.21,0.0,-0.95,3.78,-2.38,-23.324,0.0,0.0,22.6,0.0,566.59,17,22,0.0,568.6,0.0,90
2025-05-30 13:01:24.133,-3.21,0.0,-0.95,3.78,-2.38,-23.324,0.0,0.0,22.6,0.0,566.49,13,22,0.0,568.6,0.0,90
2025-05-30 13:01:24.184,-3.21,0.0,-0.95,3.78,-2.38,-23.324,0.0,0.12,22.6,0.0,566.46,13,22,0.0,568.6,0.0,90
2025-05-30 13:01:24.234,-3.21,0.0,-0.95,3.78,-2.38,-23.324,0.0,0.0,22.6,0.0,566.46,19,22,0.0,568.6,0.0,90
2025-05-30 13:01:24.285,-3.21,0.0,-0.95,3.78,-2.38,-23.324,0.0,0.0,22.6,0.0,566.49,19,22,0.0,568.6,0.0,100
2025-05-30 13:01:24.336,-3.21,0.0,-0.95,3.78,-2.38,-23.324,0.0,0.0,22.6,0.14,566.49,18,22,0.0,568.6,0.0,100
2025-05-30 13:01:24.387,-3.21,0.0,-0.95,3.78,-2.38,-23.324,0.0,0.0,22.6,-0.28,566.49,18,22,0.0,568.6,0.0,90
2025-05-30 13:01:24.438,-3.21,0.0,-0.95,3.78,-2.38,-23.324,0.0,0.12,22.6,0.0,566.52,15,22,0.0,568.6,0.0,90
2025-05-30 13:01:24.488,-3.21,0.0,-0.95,3.78,-2.38,-23.324,0.0,0.0,22.6,0.0,566.52,15,22,0.0,568.6,0.0,90
2025-05-30 13:01:24.539,-3.21,0.0,-0.95,3.78,-2.38,-23.324,0.0,0.0,22.6,0.0,566.62,17,22,0.0,568.6,0.0,90
2025-05-30 13:01:24.591,-3.21,0.0,-0.95,3.78,-2.38,-23.324,0.0,0.0,22.6,0.0,566.62,13,22,0.0,568.5,0.0,90
2025-05-30 13:01:24.642,-3.21,0.0,-0.95,3.78,-2.38,-23.324,0.0,2.08,22.7,0.0,566.68,66,22,85.7,568.5,0.0,90
2025-05-30 13:01:24.693,-3.21,0.0,-0.95,3.78,-2.38,-23.324,0.18,3.18,22.7,3.19,566.65,183,22,85.7,568.6,0.0,90
2025-05-30 13:01:24.744,-3.21,2.81,-0.95,3.78,0.43,4.214,3.11,3.18,22.7,4.02,566.65,207,22,85.7,568.6,0.0,90
2025-05-30 13:01:24.795,-3.21,2.81,-0.95,3.78,0.43,4.214,8.79,4.15,22.7,4.72,566.74,224,22,85.7,568.6,0.0,120
2025-05-30 13:01:24.846,-3.21,2.81,-0.95,3.78,0.43,4.214,16.3,4.77,22.7,5.97,566.62,224,22,85.7,568.6,0.0,150
2025-05-30 13:01:24.897,-3.21,2.81,-0.95,3.78,0.43,4.214,25.27,5.38,22.7,6.24,566.59,248,22,85.7,568.6,0.0,150
2025-05-30 13:01:24.947,-3.21,2.81,-0.95,3.78,0.43,4.214,25.27,6.11,22.7,6.24,566.62,255,22,85.7,568.6,0.0,150
2025-05-30 13:01:24.998,-3.21,2.81,-0.95,3.78,0.43,4.214,36.26,5.5,22.7,7.08,566.59,251,22,85.7,568.6,0.0,180
2025-05-30 13:01:25.049,-3.21,2.81,-0.95,3.77,0.42,4.116,48.34,6.84,22.7,7.35,566.59,296,22,85.7,568.5,0.0,210
2025-05-30 13:01:25.100,-3.22,2.81,-0.95,3.77,0.41,4.018,61.71,6.84,22.7,7.22,566.52,285,22,85.7,568.5,0.0,210
2025-05-30 13:01:25.150,-3.22,2.81,-0.95,3.77,0.41,4.018,74.53,5.25,22.7,5.69,566.71,291,22,85.7,568.5,0.0,230
2025-05-30 13:01:25.201,-3.22,2.81,-0.95,3.77,0.41,4.018,86.06,4.77,22.7,4.72,566.78,291,22,85.7,568.5,0.0,230
2025-05-30 13:01:25.251,-3.22,2.81,-0.95,3.77,0.41,4.018,95.22,3.66,22.7,3.33,566.81,284,22,85.7,568.6,0.0,200
2025-05-30 13:01:25.302,-3.22,2.81,-0.95,3.77,0.41,4.018,95.22,2.2,22.7,3.33,566.74,264,22,85.7,568.6,0.0,200
2025-05-30 13:01:25.353,-3.22,2.81,-0.95,3.77,0.41,4.018,102.54,1.71,22.7,2.64,566.71,222,22,85.7,568.6,0.0,160
2025-05-30 13:01:25.403,-3.22,2.81,-0.95,3.77,0.41,4.018,107.49,1.71,22.7,1.94,566.71,160,22,85.7,568.6,0.0,160
2025-05-30 13:01:25.454,-3.22,2.81,-0.95,3.77,0.41,4.018,110.23,1.22,22.7,0.56,566.65,98,22,85.7,568.6,0.0,110
2025-05-30 13:01:25.506,-3.22,2.81,-0.95,3.77,0.41,4.018,111.15,0.0,22.7,0.56,566.59,98,22,85.7,568.6,0.0,110
2025-05-30 13:01:25.556,-3.22,2.81,-0.95,3.77,0.41,4.018,110.42,0.0,22.7,-0.42,566.52,50,22,85.7,568.6,0.0,90
2025-05-30 13:01:25.606,-3.22,2.81,-0.95,3.77,0.41,4.018,110.42,0.0,22.7,-0.42,566.49,19,22,85.7,568.6,0.0,90
2025-05-30 13:01:25.657,-3.22,2.81,-0.95,3.77,0.41,4.018,108.22,0.0,22.7,-0.97,566.62,7,23,85.7,568.6,0.0,90
2025-05-30 13:01:25.709,-3.22,2.9,-0.95,3.77,0.5,4.9,105.11,0.0,22.7,-1.11,566.62,-11,23,85.7,568.6,0.0,90
2025-05-30 13:01:25.760,-3.22,2.9,-0.95,3.77,0.5,4.9,101.44,0.0,22.7,-1.25,566.71,-17,23,85.7,568.6,0.0,70
2025-05-30 13:01:25.810,-3.22,2.9,-0.95,3.77,0.5,4.9,97.6,0.0,22.7,-1.11,566.78,-22,23,85.7,568.6,0.0,70
2025-05-30 13:01:25.861,-3.22,2.9,-0.95,3.77,0.5,4.9,93.94,0.0,22.7,-0.83,566.56,-22,23,85.7,568.6,0.0,80
2025-05-30 13:01:25.915,-3.22,2.9,-0.95,3.77,0.5,4.9,90.27,0.0,22.7,-0.42,566.59,-8,23,85.7,568.6,0.0,80
2025-05-30 13:01:25.966,-3.22,2.9,-0.95,3.77,0.5,4.9,90.27,0.0,22.7,-0.42,566.71,16,23,85.7,568.6,0.0,80
2025-05-30 13:01:26.017,-3.22,2.9,-0.95,3.77,0.5,4.9,87.16,0.0,22.7,-0.28,566.71,37,23,85.7,568.6,0.0,80
2025-05-30 13:01:26.068,-3.15,2.9,-0.95,3.77,0.57,5.586,84.6,0.0,22.7,-0.14,566.71,41,23,85.7,568.6,0.0,90
2025-05-30 13:01:26.119,-3.15,2.9,-0.95,3.77,0.57,5.586,82.58,0.0,22.7,0.0,566.59,54,23,85.7,568.6,0.0,90
2025-05-30 13:01:26.170,-3.15,2.9,-0.81,3.77,0.71,6.958,81.12,0.12,22.7,0.56,566.59,72,23,85.7,568.6,0.0,80
2025-05-30 13:01:26.220,-3.15,2.9,-0.81,3.77,0.71,6.958,80.02,0.49,22.7,0.69,566.62,72,23,85.7,568.6,0.0,80
2025-05-30 13:01:26.271,-3.15,2.9,-0.81,3.77,0.71,6.958,79.65,0.73,22.7,1.11,566.62,82,23,85.7,568.6,0.0,90
2025-05-30 13:01:26.322,-3.15,2.9,-0.81,3.77,0.71,6.958,79.65,0.61,22.7,1.11,566.81,100,23,85.7,568.6,0.0,90
2025-05-30 13:01:26.373,-3.15,2.9,-0.81,3.77,0.71,6.958,79.47,0.73,22.7,0.97,566.68,109,23,85.7,568.6,0.0,110
2025-05-30 13:01:26.424,-3.15,2.9,-0.81,3.77,0.71,6.958,80.02,0.73,22.7,0.83,566.68,114,23,85.7,568.6,0.0,110
2025-05-30 13:01:26.474,-3.15,2.9,-0.81,3.84,0.78,7.644,80.75,0.85,22.7,0.97,566.71,133,23,85.7,568.6,0.0,100
2025-05-30 13:01:26.525,-3.15,2.9,-0.81,3.84,0.78,7.644,81.3,0.85,22.7,0.97,566.56,133,23,85.7,568.6,0.0,100
2025-05-30 13:01:26.576,-3.15,2.9,-0.81,3.84,0.78,7.644,82.22,1.1,22.7,1.11,566.52,136,23,85.7,568.5,0.0,100
2025-05-30 13:01:26.628,-3.15,2.87,-0.81,3.84,0.75,7.35,83.32,1.1,22.7,1.25,566.59,134,23,85.7,568.5,0.0,100
2025-05-30 13:01:26.679,-3.15,2.87,-0.81,3.84,0.75,7.35,83.32,0.98,22.7,1.25,566.59,130,23,85.7,568.6,0.0,100
2025-05-30 13:01:26.733,-3.15,2.87,-0.81,3.84,0.75,7.35,84.23,0.98,22.7,1.11,566.62,121,23,85.7,568.6,0.0,100
2025-05-30 13:01:26.784,-3.15,2.87,-0.81,3.84,0.75,7.35,85.15,0.98,22.7,0.83,566.62,128,23,85.7,568.6,0.0,110
2025-05-30 13:01:26.834,-3.15,2.87,-0.81,3.84,0.75,7.35,85.51,1.1,22.7,1.11,566.56,109,23,85.7,568.6,0.0,110
2025-05-30 13:01:26.885,-3.15,2.87,-0.81,3.84,0.75,7.35,86.25,0.85,22.7,0.69,566.62,109,23,85.7,568.6,0.0,110
2025-05-30 13:01:26.936,-3.15,2.87,-0.81,3.84,0.75,7.35,86.61,0.85,22.7,0.97,566.65,107,23,85.7,568.6,0.0,110
2025-05-30 13:01:26.987,-3.15,2.87,-0.81,3.84,0.75,7.35,86.98,0.85,22.7,0.69,566.68,116,23,85.7,568.6,0.0,90
2025-05-30 13:01:27.037,-3.15,2.87,-0.81,3.84,0.75,7.35,86.98,0.61,22.7,0.69,566.81,96,23,85.7,568.6,0.0,90
2025-05-30 13:01:27.088,-3.14,2.87,-0.81,3.84,0.76,7.448,87.16,0.49,22.8,0.69,566.84,98,23,85.7,568.6,0.0,100
2025-05-30 13:01:27.139,-3.14,2.87,-0.89,3.84,0.68,6.664,87.16,0.49,22.8,0.69,566.84,100,23,85.7,568.6,0.0,100
2025-05-30 13:01:27.190,-3.14,2.87,-0.89,3.84,0.68,6.664,87.16,0.49,22.8,0.42,566.84,97,23,85.7,568.6,0.0,90
2025-05-30 13:01:27.240,-3.14,2.87,-0.89,3.84,0.68,6.664,87.16,0.36,22.8,0.56,566.81,97,23,85.7,568.6,0.0,90
2025-05-30 13:01:27.292,-3.14,2.87,-0.89,3.84,0.68,6.664,86.98,0.61,22.8,0.42,566.9,96,23,85.7,568.6,0.0,100
2025-05-30 13:01:27.342,-3.14,2.87,-0.89,3.84,0.68,6.664,86.98,0.24,22.8,0.42,566.93,95,23,85.7,568.6,0.0,100
2025-05-30 13:01:27.394,-3.14,2.87,-0.89,3.84,0.68,6.664,86.79,0.61,22.8,0.69,566.87,95,23,85.7,568.6,0.0,100
2025-05-30 13:01:27.445,-3.14,2.87,-0.89,3.8,0.64,6.272,86.25,0.61,22.8,0.42,566.87,90,23,85.7,568.6,0.0,90
2025-05-30 13:01:27.496,-3.14,2.87,-0.89,3.8,0.64,6.272,86.06,0.49,22.8,0.56,566.87,86,23,85.7,568.6,0.0,90
2025-05-30 13:01:27.547,-3.14,2.9,-0.89,3.8,0.67,6.566,85.7,0.73,22.8,0.42,566.78,88,23,85.7,568.6,0.0,100
2025-05-30 13:01:27.598,-3.14,2.9,-0.89,3.8,0.67,6.566,85.7,0.73,22.8,0.42,566.81,88,23,85.7,568.6,0.0,100
2025-05-30 13:01:27.648,-3.14,2.9,-0.89,3.8,0.67,6.566,85.51,0.61,22.8,0.97,566.84,91,23,85.7,568.6,0.0,90
2025-05-30 13:01:27.699,-3.14,2.9,-0.89,3.8,0.67,6.566,85.51,0.49,22.8,0.97,566.81,99,23,85.7,568.6,0.0,90
2025-05-30 13:01:27.750,-3.14,2.9,-0.89,3.8,0.67,6.566,85.15,0.61,22.8,0.83,566.68,110,23,85.7,568.6,0.0,100
2025-05-30 13:01:27.800,-3.14,2.9,-0.89,3.8,0.67,6.566,85.15,0.61,22.8,0.69,566.68,100,23,85.7,568.6,0.0,100
2025-05-30 13:01:27.851,-3.14,2.9,-0.89,3.8,0.67,6.566,85.51,0.49,22.8,0.83,566.74,103,23,85.7,568.6,0.0,110
2025-05-30 13:01:27.902,-3.14,2.9,-0.89,3.8,0.67,6.566,85.51,0.73,22.8,0.83,566.78,103,23,85.7,568.6,0.0,110
2025-05-30 13:01:27.952,-3.14,2.9,-0.89,3.8,0.67,6.566,85.7,0.85,22.8,0.56,566.62,95,23,85.7,568.6,0.0,90
2025-05-30 13:01:28.003,-3.14,2.9,-0.89,3.8,0.67,6.566,85.7,0.61,22.7,0.56,566.68,99,23,85.7,568.6,0.0,90
2025-05-30 13:01:28.054,-3.14,2.9,-0.93,3.8,0.63,6.174,85.51,0.98,22.7,0.42,566.71,100,23,85.7,568.6,0.0,100
2025-05-30 13:01:28.105,-3.1,2.9,-0.93,3.8,0.67,6.566,85.7,0.85,22.8,0.83,566.71,100,23,85.7,568.6,0.0,100
2025-05-30 13:01:28.156,-3.1,2.9,-0.93,3.8,0.67,6.566,85.7,0.85,22.7,0.83,566.74,97,23,85.7,568.6,0.0,100
2025-05-30 13:01:28.207,-3.1,2.9,-0.93,3.8,0.67,6.566,85.88,0.73,22.8,0.83,566.62,105,23,85.7,568.6,0.0,100
2025-05-30 13:01:28.257,-3.1,2.9,-0.93,3.8,0.67,6.566,85.88,0.98,22.8,0.97,566.71,105,23,85.7,568.6,0.0,100
2025-05-30 13:01:28.308,-3.1,2.9,-0.93,3.8,0.67,6.566,85.7,0.73,22.8,0.83,566.9,106,23,85.7,568.6,0.0,100
2025-05-30 13:01:28.359,-3.1,2.9,-0.93,3.8,0.67,6.566,85.7,0.73,22.8,0.83,566.74,107,23,85.7,568.6,0.0,100
2025-05-30 13:01:28.410,-3.1,2.9,-0.93,3.8,0.67,6.566,85.88,0.73,22.8,0.69,566.74,99,23,85.7,568.6,0.0,100
2025-05-30 13:01:28.460,-3.1,2.9,-0.93,3.78,0.65,6.37,85.88,0.73,22.8,0.83,566.74,86,23,85.7,568.6,0.0,100
2025-05-30 13:01:28.511,-3.1,2.9,-0.93,3.78,0.65,6.37,85.88,0.49,22.7,0.69,566.65,82,23,85.7,568.6,0.0,100
2025-05-30 13:01:28.561,-3.1,2.9,-0.93,3.78,0.65,6.37,85.88,0.61,22.7,0.56,566.65,82,23,85.7,568.6,0.0,90
2025-05-30 13:01:28.612,-3.1,2.9,-0.93,3.78,0.65,6.37,85.51,0.73,22.7,0.69,566.49,97,23,85.7,568.6,0.0,90
2025-05-30 13:01:28.662,-3.1,2.9,-0.93,3.78,0.65,6.37,85.51,0.73,22.7,0.69,566.59,93,23,85.7,568.6,0.0,100
2025-05-30 13:01:28.713,-3.1,2.9,-0.93,3.78,0.65,6.37,85.51,0.73,22.7,0.83,566.52,98,23,85.7,568.6,0.0,100
2025-05-30 13:01:28.764,-3.1,2.9,-0.93,3.78,0.65,6.37,85.51,0.85,22.7,0.83,566.52,111,23,85.7,568.6,0.0,100
2025-05-30 13:01:28.814,-3.1,2.9,-0.93,3.78,0.65,6.37,85.7,0.85,22.7,0.69,566.52,111,23,85.7,568.6,0.0,100
2025-05-30 13:01:28.866,-3.1,2.9,-0.93,3.78,0.65,6.37,85.7,0.73,22.7,0.56,566.62,103,23,85.7,568.6,0.0,90
2025-05-30 13:01:28.917,-3.1,2.9,-0.93,3.78,0.65,6.37,85.7,0.73,22.7,0.56,566.62,103,23,85.7,568.6,0.0,90
2025-05-30 13:01:28.967,-3.1,2.9,-0.93,3.78,0.65,6.37,85.88,0.61,22.7,0.56,566.56,109,23,85.7,568.6,0.0,100
2025-05-30 13:01:29.018,-3.1,2.9,-0.93,3.78,0.65,6.37,85.88,0.61,22.7,0.56,566.46,107,23,85.7,568.6,0.0,100
2025-05-30 13:01:29.069,-3.1,2.9,-0.93,3.78,0.65,6.37,86.06,0.73,22.7,0.56,566.4,90,23,85.7,568.6,0.0,100
2025-05-30 13:01:29.120,-3.1,2.9,-0.93,3.78,0.65,6.37,85.88,0.73,22.6,0.69,566.4,106,23,85.7,568.6,0.0,100
2025-05-30 13:01:29.170,-3.1,2.9,-0.93,3.78,0.65,6.37,85.7,0.36,22.6,0.42,566.49,97,23,85.7,568.6,0.0,90
2025-05-30 13:01:29.220,-3.1,2.9,-0.93,3.78,0.65,6.37,85.33,0.49,22.6,0.69,566.52,97,23,85.7,568.6,0.0,90
2025-05-30 13:01:29.271,-3.1,2.9,-0.93,3.78,0.65,6.37,85.51,0.36,22.6,0.97,566.62,102,23,85.7,568.6,0.0,100
2025-05-30 13:01:29.322,-3.1,2.9,-0.93,3.78,0.65,6.37,85.51,0.61,22.7,0.97,566.74,109,23,85.7,568.6,0.0,100
2025-05-30 13:01:29.374,-3.1,2.9,-0.93,3.78,0.65,6.37,85.51,0.61,22.7,0.56,566.74,94,23,85.7,568.6,0.0,100
2025-05-30 13:01:29.424,-3.1,2.9,-0.93,3.78,0.65,6.37,85.51,0.24,22.7,0.83,566.74,97,23,85.7,568.6,0.0,100
2025-05-30 13:01:29.475,-3.1,2.9,-0.93,3.78,0.65,6.37,85.7,0.24,22.7,0.42,566.74,98,23,85.7,568.6,0.0,100
2025-05-30 13:01:29.526,-3.1,2.9,-0.93,3.78,0.65,6.37,85.7,0.61,22.7,0.69,566.65,106,23,85.7,568.6,0.0,100
2025-05-30 13:01:29.576,-3.1,2.9,-0.93,3.78,0.65,6.37,85.7,0.36,22.7,0.56,566.65,106,23,85.7,568.6,0.0,100
2025-05-30 13:01:29.627,-3.1,2.9,-0.93,3.78,0.65,6.37,85.88,0.61,22.7,0.69,566.71,97,23,85.7,568.6,0.0,100
2025-05-30 13:01:29.678,-3.1,2.9,-0.93,3.78,0.65,6.37,85.88,0.85,22.7,0.69,566.62,101,23,85.7,568.6,0.0,100
2025-05-30 13:01:29.729,-3.1,2.9,-0.93,3.78,0.65,6.37,85.88,0.61,22.7,0.56,566.65,99,23,85.7,568.6,0.0,100
2025-05-30 13:01:29.779,-3.1,2.92,-0.93,3.78,0.67,6.566,86.06,0.61,22.7,0.28,566.65,96,23,85.7,568.6,0.0,100
2025-05-30 13:01:29.830,-3.1,2.92,-0.93,3.78,0.67,6.566,85.7,0.49,22.7,0.56,566.62,97,23,85.7,568.6,0.0,100
2025-05-30 13:01:29.881,-3.1,2.92,-0.93,3.78,0.67,6.566,85.51,0.61,22.7,0.69,566.62,97,23,85.7,568.6,0.0,100
2025-05-30 13:01:29.932,-3.1,2.92,-0.93,3.78,0.67,6.566,85.51,0.61,22.7,0.42,566.71,102,23,85.7,568.6,0.0,100
2025-05-30 13:01:29.982,-3.1,2.92,-0.93,3.78,0.67,6.566,85.51,0.36,22.7,0.42,566.59,112,23,85.7,568.6,0.0,100
2025-05-30 13:01:30.033,-3.1,2.92,-0.93,3.78,0.67,6.566,85.7,0.49,22.7,0.83,566.56,105,23,85.7,568.6,0.0,100
2025-05-30 13:01:30.084,-3.11,2.92,-0.93,3.78,0.66,6.468,85.88,0.85,22.7,0.28,566.49,93,23,85.7,568.6,0.0,100
2025-05-30 13:01:30.134,-3.11,2.92,-0.93,3.78,0.66,6.468,85.7,0.85,22.7,0.56,566.49,104,23,85.7,568.6,0.0,100
2025-05-30 13:01:30.185,-3.11,2.92,-0.93,3.78,0.66,6.468,85.7,0.73,22.7,0.56,566.56,96,23,85.7,568.6,0.0,100
2025-05-30 13:01:30.236,-3.11,2.92,-0.93,3.78,0.66,6.468,85.88,0.24,22.7,0.42,566.49,96,23,85.7,568.6,0.0,100
2025-05-30 13:01:30.286,-3.11,2.92,-0.93,3.78,0.66,6.468,85.7,0.49,22.7,0.56,566.59,96,23,85.7,568.6,0.0,100
2025-05-30 13:01:30.337,-3.11,2.92,-0.92,3.78,0.67,6.566,85.7,0.73,22.7,0.56,566.49,98,23,85.7,568.6,0.0,100
2025-05-30 13:01:30.388,-3.11,2.92,-0.92,3.79,0.68,6.664,85.51,0.49,22.6,0.56,566.56,109,23,85.7,568.6,0.0,90
2025-05-30 13:01:30.438,-3.11,2.92,-0.92,3.79,0.68,6.664,85.33,0.49,22.7,0.83,566.56,99,23,85.7,568.6,0.0,90
2025-05-30 13:01:30.489,-3.11,2.92,-0.92,3.79,0.68,6.664,85.33,0.73,22.7,0.83,566.52,98,23,85.7,568.6,0.0,90
2025-05-30 13:01:30.539,-3.11,2.92,-0.92,3.79,0.68,6.664,85.33,0.49,22.7,0.69,566.49,98,23,85.7,568.6,0.0,90
2025-05-30 13:01:30.590,-3.11,2.92,-0.92,3.79,0.68,6.664,85.51,0.36,22.7,0.69,566.71,102,23,85.7,568.6,0.0,100
2025-05-30 13:01:30.640,-3.11,2.92,-0.92,3.79,0.68,6.664,85.7,0.73,22.7,0.83,566.68,102,23,85.7,568.6,0.0,100
2025-05-30 13:01:30.691,-3.11,2.92,-0.92,3.79,0.68,6.664,85.7,0.61,22.7,0.83,566.59,87,23,85.7,568.6,0.0,90
2025-05-30 13:01:30.741,-3.11,2.89,-0.92,3.79,0.65,6.37,85.7,0.61,22.7,0.69,566.78,99,23,85.7,568.6,0.0,90
2025-05-30 13:01:30.792,-3.11,2.89,-0.92,3.79,0.65,6.37,85.7,0.61,22.7,0.42,566.78,100,23,85.7,568.6,0.0,100
2025-05-30 13:01:30.843,-3.11,2.89,-0.92,3.79,0.65,6.37,85.88,0.61,22.7,0.83,566.74,101,23,85.7,568.6,0.0,100
2025-05-30 13:01:30.894,-3.11,2.89,-0.92,3.79,0.65,6.37,85.88,0.36,22.7,0.42,566.71,101,23,85.7,568.6,0.0,100
2025-05-30 13:01:30.944,-3.11,2.89,-0.92,3.79,0.65,6.37,85.88,0.49,22.8,0.42,566.74,98,23,85.7,568.6,0.0,100
2025-05-30 13:01:30.995,-3.11,2.89,-0.92,3.79,0.65,6.37,85.88,0.73,22.7,0.42,566.71,100,23,85.7,568.6,0.0,90
2025-05-30 13:01:31.046,-3.11,2.89,-0.92,3.79,0.65,6.37,85.7,0.98,22.7,0.83,566.62,104,23,85.7,568.6,0.0,100
2025-05-30 13:01:31.097,-3.16,2.89,-0.92,3.79,0.6,5.88,85.7,0.98,22.7,0.69,566.62,103,23,85.7,568.6,0.0,100
2025-05-30 13:01:31.147,-3.16,2.89,-0.92,3.79,0.6,5.88,85.51,0.61,22.7,0.56,566.62,101,22,85.7,568.6,0.0,100
2025-05-30 13:01:31.198,-3.16,2.89,-0.92,3.79,0.6,5.88,85.7,0.73,22.7,0.42,566.68,101,23,85.7,568.6,0.0,100
2025-05-30 13:01:31.249,-3.16,2.89,-0.9,3.79,0.62,6.076,85.7,0.36,22.7,0.97,566.68,99,23,85.7,568.6,0.0,90
2025-05-30 13:01:31.300,-3.16,2.89,-0.9,3.79,0.62,6.076,85.7,0.61,22.7,0.69,566.68,100,23,85.7,568.6,0.0,90
2025-05-30 13:01:31.351,-3.16,2.89,-0.9,3.79,0.62,6.076,85.7,0.61,22.7,0.69,566.74,102,22,85.7,568.6,0.0,100
2025-05-30 13:01:31.402,-3.16,2.89,-0.9,3.73,0.56,5.488,85.7,0.73,22.7,0.42,566.65,103,23,85.7,568.6,0.0,100
2025-05-30 13:01:31.452,-3.16,2.89,-0.9,3.73,0.56,5.488,85.88,0.73,22.7,0.42,566.65,103,22,85.7,568.6,0.0,100
2025-05-30 13:01:31.503,-3.16,2.89,-0.9,3.73,0.56,5.488,85.88,0.0,22.7,0.42,566.65,93,23,85.7,568.6,0.0,100
2025-05-30 13:01:31.554,-3.16,2.89,-0.9,3.73,0.56,5.488,85.7,0.49,22.7,0.69,566.68,93,23,85.7,568.6,0.0,100
2025-05-30 13:01:31.605,-3.16,2.89,-0.9,3.73,0.56,5.488,85.33,0.61,22.7,0.69,566.68,98,23,85.7,568.6,0.0,100
2025-05-30 13:01:31.656,-3.16,2.95,-0.9,3.73,0.62,6.076,85.33,0.36,22.7,0.69,566.74,93,23,85.7,568.6,0.0,100
2025-05-30 13:01:31.707,-3.16,2.95,-0.9,3.73,0.62,6.076,85.33,0.49,22.8,0.69,566.81,97,23,85.7,568.6,0.0,100
2025-05-30 13:01:31.758,-3.16,2.95,-0.9,3.73,0.62,6.076,85.33,0.49,22.7,0.69,566.81,108,23,85.7,568.6,0.0,100
2025-05-30 13:01:31.808,-3.16,2.95,-0.9,3.73,0.62,6.076,85.51,0.24,22.7,0.56,566.71,114,22,85.7,568.6,0.0,100
2025-05-30 13:01:31.859,-3.16,2.95,-0.9,3.73,0.62,6.076,85.7,0.49,22.7,0.56,566.59,114,23,85.7,568.6,0.0,100
2025-05-30 13:01:31.910,-3.16,2.95,-0.9,3.73,0.62,6.076,85.51,0.24,22.7,0.56,566.62,89,23,85.7,568.6,0.0,100
2025-05-30 13:01:31.961,-3.16,2.95,-0.9,3.73,0.62,6.076,85.7,0.73,22.7,0.83,566.59,101,23,85.7,568.6,0.0,100
2025-05-30 13:01:32.012,-3.16,2.95,-0.9,3.73,0.62,6.076,85.7,0.85,22.7,0.83,566.65,98,23,85.7,568.6,0.0,100
2025-05-30 13:01:32.063,-3.16,2.95,-0.9,3.73,0.62,6.076,85.88,0.73,22.7,0.28,566.56,93,22,85.7,568.6,0.0,90
2025-05-30 13:01:32.113,-3.17,2.95,-0.9,3.73,0.61,5.978,85.88,0.73,22.7,0.69,566.56,95,23,85.7,568.6,0.0,90
2025-05-30 13:01:32.164,-3.17,2.95,-0.9,3.73,0.61,5.978,85.88,0.61,22.7,0.56,566.56,105,22,85.7,568.6,0.0,90
2025-05-30 13:01:32.215,-3.17,2.95,-0.89,3.73,0.62,6.076,85.7,0.73,22.7,0.69,566.49,105,23,85.7,568.6,0.0,90
2025-05-30 13:01:32.265,-3.17,2.95,-0.89,3.73,0.62,6.076,85.7,0.85,22.7,0.42,566.62,95,23,85.7,568.6,0.0,90
2025-05-30 13:01:32.316,-3.17,2.95,-0.89,3.73,0.62,6.076,85.7,0.73,22.7,0.42,566.74,96,23,85.7,568.6,0.0,90
2025-05-30 13:01:32.367,-3.17,2.95,-0.89,3.73,0.62,6.076,85.7,0.73,22.7,0.83,566.74,105,23,85.7,568.6,0.0,100
2025-05-30 13:01:32.418,-3.17,2.95,-0.89,3.73,0.62,6.076,85.88,0.61,22.7,0.69,566.74,87,23,85.7,568.6,0.0,100
2025-05-30 13:01:32.468,-3.17,2.95,-0.89,3.73,0.62,6.076,86.06,0.61,22.8,0.42,566.84,74,23,85.7,568.6,0.0,100
2025-05-30 13:01:32.519,-3.17,2.95,-0.89,3.73,0.62,6.076,85.7,0.36,22.8,0.69,566.97,95,23,85.7,568.6,0.0,100
2025-05-30 13:01:32.570,-3.17,2.95,-0.89,3.73,0.62,6.076,85.51,0.73,22.8,0.69,566.71,95,23,85.7,568.6,0.0,100
2025-05-30 13:01:32.621,-3.17,2.91,-0.89,3.73,0.58,5.684,85.7,0.49,22.8,0.69,566.65,94,23,85.7,568.6,0.0,100
2025-05-30 13:01:32.671,-3.17,2.91,-0.89,3.73,0.58,5.684,85.7,0.24,22.8,0.69,566.81,94,23,85.7,568.6,0.0,100
2025-05-30 13:01:32.722,-3.17,2.91,-0.89,3.73,0.58,5.684,85.88,0.49,22.8,0.97,566.68,98,23,85.7,568.6,0.0,100
2025-05-30 13:01:32.774,-3.17,2.91,-0.89,3.73,0.58,5.684,85.7,0.49,22.7,0.83,566.68,102,23,85.7,568.6,0.0,110
2025-05-30 13:01:32.824,-3.17,2.91,-0.89,3.75,0.6,5.88,85.33,0.61,22.8,0.69,566.68,98,23,85.7,568.6,0.0,110
2025-05-30 13:01:32.875,-3.17,2.91,-0.89,3.75,0.6,5.88,85.33,0.61,22.8,0.83,566.74,98,23,85.7,568.6,0.0,100
2025-05-30 13:01:32.927,-3.17,2.91,-0.89,3.75,0.6,5.88,85.33,0.73,22.8,0.97,566.84,96,23,85.7,568.6,0.0,100
2025-05-30 13:01:32.978,-3.17,2.91,-0.89,3.75,0.6,5.88,85.51,0.73,22.8,0.69,566.84,89,23,85.7,568.6,0.0,110
2025-05-30 13:01:33.029,-3.17,2.91,-0.89,3.75,0.6,5.88,85.51,0.36,22.8,0.69,566.81,112,23,85.7,568.6,0.0,110
2025-05-30 13:01:33.080,-3.15,2.91,-0.89,3.75,0.62,6.076,85.7,0.73,22.8,0.69,566.78,95,23,85.7,568.6,0.0,90
2025-05-30 13:01:33.130,-3.15,2.91,-0.89,3.75,0.62,6.076,85.7,0.73,22.8,0.69,566.78,91,23,85.7,568.6,0.0,90
2025-05-30 13:01:33.181,-3.15,2.91,-0.89,3.75,0.62,6.076,85.7,0.49,22.8,0.56,566.74,103,23,85.7,568.6,0.0,110
2025-05-30 13:01:33.232,-3.15,2.91,-0.89,3.75,0.62,6.076,85.88,0.61,22.8,0.83,566.68,103,23,85.7,568.6,0.0,110
2025-05-30 13:01:33.282,-3.15,2.91,-0.89,3.75,0.62,6.076,85.88,0.49,22.8,0.69,566.81,106,23,85.7,568.6,0.0,100
2025-05-30 13:01:33.333,-3.15,2.91,-0.89,3.75,0.62,6.076,85.88,0.73,22.8,0.69,566.74,103,23,85.7,568.6,0.0,100
2025-05-30 13:01:33.385,-3.15,2.91,-0.89,3.75,0.62,6.076,85.88,0.61,22.8,0.69,566.81,98,22,85.7,568.6,0.0,90
2025-05-30 13:01:33.438,-3.15,2.91,-0.89,3.75,0.62,6.076,85.7,0.61,22.8,0.97,566.81,90,23,85.7,568.6,0.0,90
2025-05-30 13:01:33.488,-3.15,2.91,-0.86,3.75,0.65,6.37,85.7,0.61,22.8,0.83,566.84,99,23,85.7,568.6,0.0,90
2025-05-30 13:01:33.539,-3.15,2.96,-0.86,3.75,0.7,6.86,85.7,0.49,22.8,0.69,566.74,103,23,85.7,568.6,0.0,90
2025-05-30 13:01:33.589,-3.15,2.96,-0.86,3.75,0.7,6.86,85.88,0.85,22.8,0.42,566.78,103,22,85.7,568.6,0.0,100
2025-05-30 13:01:33.640,-3.15,2.96,-0.86,3.75,0.7,6.86,86.06,0.49,22.7,0.42,566.71,91,23,85.7,568.6,0.0,100
2025-05-30 13:01:33.690,-3.15,2.96,-0.86,3.75,0.7,6.86,86.06,0.73,22.7,0.42,566.68,93,23,85.7,568.6,0.0,90
2025-05-30 13:01:33.741,-3.15,2.96,-0.86,3.75,0.7,6.86,85.7,0.49,22.7,0.69,566.71,88,23,85.7,568.6,0.0,90
2025-05-30 13:01:33.792,-3.15,2.96,-0.86,3.75,0.7,6.86,85.7,0.49,22.7,0.42,566.71,89,23,85.7,568.6,0.0,100
2025-05-30 13:01:33.842,-3.15,2.96,-0.86,3.75,0.7,6.86,85.7,0.49,22.8,0.56,566.78,99,23,85.7,568.6,0.0,100
2025-05-30 13:01:33.893,-3.15,2.96,-0.86,3.75,0.7,6.86,85.51,0.85,22.8,0.69,566.68,99,23,85.7,568.6,0.0,100
2025-05-30 13:01:33.944,-3.15,2.96,-0.86,3.75,0.7,6.86,85.51,0.49,22.8,0.56,566.74,86,23,85.7,568.6,0.0,100
2025-05-30 13:01:33.995,-3.15,2.96,-0.86,3.75,0.7,6.86,85.51,0.61,22.8,0.56,566.68,104,23,85.7,568.6,0.0,100
2025-05-30 13:01:34.045,-3.11,2.96,-0.86,3.75,0.74,7.252,85.51,0.12,22.8,0.56,566.74,95,23,85.7,568.6,0.0,100
2025-05-30 13:01:34.096,-3.11,2.96,-0.86,3.75,0.74,7.252,85.51,0.61,22.7,0.42,566.68,99,23,85.7,568.6,0.0,100
2025-05-30 13:01:34.146,-3.11,2.96,-0.86,3.75,0.74,7.252,85.51,0.61,22.8,0.56,566.68,87,23,85.7,568.6,0.0,100
2025-05-30 13:01:34.197,-3.11,2.96,-0.86,3.75,0.74,7.252,85.7,0.36,22.8,0.69,566.68,92,23,85.7,568.6,0.0,100
2025-05-30 13:01:34.248,-3.11,2.96,-0.86,3.75,0.74,7.252,85.88,0.73,22.8,0.69,566.74,92,23,85.7,568.6,0.0,100
2025-05-30 13:01:34.299,-3.11,2.96,-0.86,3.75,0.74,7.252,85.7,0.49,22.8,0.69,566.65,90,23,85.7,568.6,0.0,100
2025-05-30 13:01:34.350,-3.11,2.96,-0.86,3.75,0.74,7.252,85.7,0.61,22.8,0.69,566.87,97,23,85.7,568.6,0.0,90
2025-05-30 13:01:34.401,-3.11,2.96,-0.87,3.75,0.73,7.154,85.7,0.49,22.8,0.83,566.93,89,23,85.7,568.6,0.0,90
2025-05-30 13:01:34.451,-3.11,2.96,-0.87,3.75,0.73,7.154,86.06,0.49,22.8,0.97,566.93,90,23,85.7,568.6,0.0,100
2025-05-30 13:01:34.501,-3.11,2.96,-0.87,3.75,0.73,7.154,85.88,0.61,22.8,0.83,566.87,67,23,85.7,568.6,0.0,100
2025-05-30 13:01:34.552,-3.11,2.96,-0.87,3.75,0.73,7.154,85.7,0.49,22.8,0.28,566.74,67,23,85.7,568.6,0.0,100
2025-05-30 13:01:34.603,-3.11,2.96,-0.87,3.74,0.72,7.056,85.33,0.61,22.8,0.97,566.78,91,23,85.7,568.6,0.0,100
2025-05-30 13:01:34.654,-3.11,2.96,-0.87,3.74,0.72,7.056,85.33,0.49,22.8,0.97,566.81,94,23,85.7,568.6,0.0,100
2025-05-30 13:01:34.704,-3.11,2.96,-0.87,3.74,0.72,7.056,85.33,0.61,22.8,0.83,566.84,101,23,85.7,568.6,0.0,100
2025-05-30 13:01:34.755,-3.11,2.96,-0.87,3.74,0.72,7.056,85.33,0.36,22.8,0.83,566.81,89,23,85.7,568.6,0.0,100
2025-05-30 13:01:34.806,-3.11,2.96,-0.87,3.74,0.72,7.056,85.7,0.36,22.8,0.83,566.81,98,23,85.7,568.6,0.0,100
2025-05-30 13:01:34.857,-3.11,3.0,-0.87,3.74,0.76,7.448,85.7,0.61,22.8,0.42,566.74,107,23,85.7,568.6,0.0,100
2025-05-30 13:01:34.910,-3.11,3.0,-0.87,3.74,0.76,7.448,85.51,0.61,22.8,0.83,566.81,107,23,85.7,568.6,0.0,100
2025-05-30 13:01:34.961,-3.11,3.0,-0.87,3.74,0.76,7.448,85.7,0.24,22.8,0.83,566.74,103,23,85.7,568.6,0.0,100
2025-05-30 13:01:35.011,-3.11,3.0,-0.87,3.74,0.76,7.448,85.7,0.49,22.8,0.83,566.71,94,23,85.7,568.6,0.0,100
2025-05-30 13:01:35.062,-3.1,3.0,-0.87,3.74,0.77,7.546,85.88,0.61,22.8,0.56,566.62,90,23,85.7,568.6,0.0,100
2025-05-30 13:01:35.113,-3.1,3.0,-0.87,3.74,0.77,7.546,86.06,0.61,22.7,0.56,566.62,98,22,85.7,568.6,0.0,100
2025-05-30 13:01:35.164,-3.1,3.0,-0.87,3.74,0.77,7.546,85.88,0.61,22.7,0.56,566.62,97,23,85.7,568.6,0.0,100
2025-05-30 13:01:35.215,-3.1,3.0,-0.87,3.74,0.77,7.546,85.7,0.61,22.8,0.69,566.65,101,23,85.7,568.6,0.0,100
2025-05-30 13:01:35.265,-3.1,3.0,-0.87,3.74,0.77,7.546,85.7,0.85,22.8,0.83,566.84,101,23,85.7,568.6,0.0,100
2025-05-30 13:01:35.316,-3.1,3.0,-0.87,3.74,0.77,7.546,85.7,0.49,22.8,0.83,566.68,103,22,85.7,568.6,0.0,100
2025-05-30 13:01:35.372,-3.1,3.0,-0.87,3.74,0.77,7.546,85.7,0.49,22.8,0.83,566.68,95,22,85.7,568.6,0.0,100
2025-05-30 13:01:35.424,-3.1,3.0,-0.87,3.74,0.77,7.546,85.7,0.61,22.7,0.42,566.71,95,23,85.7,568.6,0.0,100
2025-05-30 13:01:35.475,-3.1,3.0,-0.87,3.74,0.77,7.546,85.7,0.73,22.7,0.42,566.65,95,23,85.7,568.6,0.0,100
2025-05-30 13:01:35.526,-3.1,3.0,-0.87,3.74,0.77,7.546,85.51,0.73,22.7,0.56,566.65,90,23,85.7,568.6,0.0,100
2025-05-30 13:01:35.577,-3.1,3.0,-0.87,3.71,0.74,7.252,85.51,0.61,22.7,0.97,566.68,95,23,85.7,568.6,0.0,100
2025-05-30 13:01:35.627,-3.1,3.0,-0.87,3.71,0.74,7.252,85.7,0.73,22.7,0.42,566.74,95,23,85.7,568.6,0.0,100
2025-05-30 13:01:35.678,-3.1,3.0,-0.89,3.71,0.72,7.056,85.88,0.61,22.7,0.56,566.71,93,23,85.7,568.6,0.0,100
2025-05-30 13:01:35.728,-3.1,3.0,-0.89,3.71,0.72,7.056,85.88,0.73,22.7,0.56,566.62,89,23,85.7,568.6,0.0,100
2025-05-30 13:01:35.779,-3.1,3.0,-0.89,3.71,0.72,7.056,85.88,0.61,22.7,0.42,566.59,102,23,85.7,568.6,0.0,90
2025-05-30 13:01:35.830,-3.1,3.0,-0.89,3.71,0.72,7.056,85.51,0.61,22.7,0.69,566.59,91,22,85.7,568.6,0.0,90
2025-05-30 13:01:35.881,-3.1,3.0,-0.89,3.71,0.72,7.056,85.51,0.61,22.7,0.56,566.59,98,22,85.7,568.6,0.0,100
2025-05-30 13:01:35.932,-3.1,3.0,-0.89,3.71,0.72,7.056,85.7,0.61,22.7,0.83,566.62,98,23,85.7,568.6,0.0,100
2025-05-30 13:01:35.982,-3.1,3.0,-0.89,3.71,0.72,7.056,85.88,0.61,22.7,0.83,566.78,96,23,85.7,568.6,0.0,100
2025-05-30 13:01:36.033,-3.1,3.0,-0.89,3.71,0.72,7.056,85.88,0.36,22.8,0.56,566.74,95,23,85.7,568.6,0.0,100
2025-05-30 13:01:36.083,-3.1,3.0,-0.89,3.71,0.72,7.056,85.88,0.49,22.8,0.56,566.65,101,23,85.7,568.6,0.0,90
2025-05-30 13:01:36.134,-3.1,2.99,-0.89,3.71,0.71,6.958,85.51,0.49,22.7,0.69,566.65,103,22,85.7,568.6,0.0,90
2025-05-30 13:01:36.185,-3.1,2.99,-0.89,3.71,0.71,6.958,85.7,0.49,22.8,0.69,566.65,95,23,85.7,568.6,0.0,100
2025-05-30 13:01:36.236,-3.1,2.99,-0.89,3.71,0.71,6.958,85.88,0.24,22.7,0.83,566.68,92,23,85.7,568.6,0.0,100
2025-05-30 13:01:36.286,-3.1,2.99,-0.89,3.71,0.71,6.958,85.7,0.49,22.7,0.69,566.62,92,23,85.7,568.6,0.0,100
2025-05-30 13:01:36.337,-3.1,2.99,-0.89,3.71,0.71,6.958,85.51,0.49,22.8,0.97,566.78,87,23,85.7,568.6,0.0,100
2025-05-30 13:01:36.388,-3.1,2.99,-0.89,3.71,0.71,6.958,85.51,0.85,22.8,0.97,566.71,107,23,85.7,568.6,0.0,90
2025-05-30 13:01:36.438,-3.1,2.99,-0.89,3.71,0.71,6.958,85.33,0.61,22.8,0.83,566.74,102,23,85.7,568.6,0.0,90
2025-05-30 13:01:36.489,-3.1,2.99,-0.89,3.71,0.71,6.958,85.33,0.61,22.8,0.83,566.74,103,23,85.7,568.6,0.0,90
2025-05-30 13:01:36.540,-3.1,2.99,-0.89,3.76,0.76,7.448,85.51,0.61,22.8,0.69,566.84,104,23,85.7,568.6,0.0,90
2025-05-30 13:01:36.590,-3.1,2.99,-0.89,3.76,0.76,7.448,85.7,0.61,22.8,0.83,566.78,104,23,85.7,568.6,0.0,100
2025-05-30 13:01:36.641,-3.1,2.99,-0.91,3.76,0.74,7.252,85.7,0.36,22.8,0.56,566.81,95,22,85.7,568.6,0.0,100
2025-05-30 13:01:36.692,-3.1,2.99,-0.91,3.76,0.74,7.252,85.7,0.61,22.8,0.69,566.84,94,23,85.7,568.6,0.0,100
2025-05-30 13:01:36.743,-3.1,2.99,-0.91,3.76,0.74,7.252,85.7,0.36,22.8,0.69,566.65,91,23,85.7,568.6,0.0,100
2025-05-30 13:01:36.793,-3.1,2.99,-0.91,3.76,0.74,7.252,85.88,0.49,22.8,0.56,566.71,83,22,85.7,568.6,0.0,100
2025-05-30 13:01:36.844,-3.1,2.99,-0.91,3.76,0.74,7.252,86.06,0.49,22.8,0.42,566.71,85,22,85.7,568.6,0.0,100
2025-05-30 13:01:36.895,-3.1,2.99,-0.91,3.76,0.74,7.252,86.06,0.49,22.7,0.69,566.65,79,23,85.7,568.6,0.0,100
2025-05-30 13:01:36.945,-3.1,2.99,-0.91,3.76,0.74,7.252,85.7,0.24,22.7,0.28,566.56,79,23,85.7,568.6,0.0,90
2025-05-30 13:01:36.995,-3.1,2.99,-0.91,3.76,0.74,7.252,85.51,0.61,22.7,0.69,566.59,80,23,85.7,568.6,0.0,90
2025-05-30 13:01:37.046,-3.1,2.95,-0.91,3.76,0.7,6.86,85.51,0.24,22.7,0.69,566.68,91,23,85.7,568.6,0.0,100
2025-05-30 13:01:37.097,-3.08,2.95,-0.91,3.76,0.72,7.056,85.51,0.61,22.8,0.97,566.84,100,23,85.7,568.6,0.0,100
2025-05-30 13:01:37.148,-3.08,2.95,-0.91,3.76,0.72,7.056,85.51,0.61,22.8,0.83,566.84,95,23,85.7,568.6,0.0,90
2025-05-30 13:01:37.199,-3.08,2.95,-0.91,3.76,0.72,7.056,85.7,0.61,22.8,0.69,566.84,92,23,85.7,568.6,0.0,90
2025-05-30 13:01:37.250,-3.08,2.95,-0.91,3.76,0.72,7.056,85.7,0.49,22.8,0.83,566.78,92,23,85.7,568.6,0.0,100
2025-05-30 13:01:37.301,-3.08,2.95,-0.91,3.76,0.72,7.056,85.7,0.49,22.8,0.97,566.81,98,23,85.7,568.6,0.0,100
2025-05-30 13:01:37.352,-3.08,2.95,-0.91,3.76,0.72,7.056,85.88,0.49,22.8,0.83,566.87,104,22,85.7,568.6,0.0,100
2025-05-30 13:01:37.402,-3.08,2.95,-0.91,3.76,0.72,7.056,85.88,0.24,22.8,0.83,566.84,88,22,85.7,568.6,0.0,100
2025-05-30 13:01:37.453,-3.08,2.95,-0.91,3.76,0.72,7.056,86.06,0.49,22.8,0.69,566.81,89,23,85.7,568.6,0.0,100
2025-05-30 13:01:37.504,-3.08,2.95,-0.91,3.76,0.72,7.056,85.88,0.49,22.8,0.97,566.81,78,23,85.7,568.6,0.0,100
2025-05-30 13:01:37.555,-3.08,2.95,-0.93,3.76,0.7,6.86,85.7,0.61,22.8,0.56,566.87,88,23,85.7,568.6,0.0,90
2025-05-30 13:01:37.606,-3.08,2.95,-0.93,3.76,0.7,6.86,85.33,0.36,22.8,0.69,566.74,88,23,85.7,568.6,0.0,90
2025-05-30 13:01:37.657,-3.08,2.95,-0.93,3.76,0.7,6.86,85.33,0.24,22.8,0.97,566.68,98,23,85.7,568.6,0.0,100
2025-05-30 13:01:37.708,-3.08,2.95,-0.93,3.76,0.7,6.86,85.33,0.61,22.8,0.97,566.71,91,23,85.7,568.6,0.0,100
2025-05-30 13:01:37.758,-3.08,2.95,-0.93,3.76,0.7,6.86,85.33,0.61,22.8,0.97,566.68,94,23,85.7,568.6,0.0,110
2025-05-30 13:01:37.809,-3.08,2.95,-0.93,3.76,0.7,6.86,85.51,0.61,22.7,0.69,566.68,68,22,85.7,568.6,0.0,110
2025-05-30 13:01:37.859,-3.08,2.95,-0.93,3.78,0.72,7.056,85.7,0.61,22.8,0.83,566.59,105,23,85.7,568.6,0.0,100
2025-05-30 13:01:37.910,-3.08,2.95,-0.93,3.78,0.72,7.056,85.51,0.24,22.8,0.83,566.71,90,23,85.7,568.6,0.0,100
2025-05-30 13:01:37.961,-3.08,2.95,-0.93,3.78,0.72,7.056,85.7,0.61,22.8,0.69,566.81,90,23,85.7,568.6,0.0,100
2025-05-30 13:01:38.011,-3.08,2.95,-0.93,3.78,0.72,7.056,85.88,0.49,22.8,0.97,566.81,96,23,85.7,568.6,0.0,100
2025-05-30 13:01:38.063,-3.11,2.95,-0.93,3.78,0.69,6.762,85.88,0.49,22.8,0.97,566.74,91,23,85.7,568.6,0.0,100
2025-05-30 13:01:38.114,-3.11,2.95,-0.93,3.78,0.69,6.762,85.88,0.61,22.8,0.56,566.84,99,23,85.7,568.6,0.0,100
2025-05-30 13:01:38.164,-3.11,2.95,-0.93,3.78,0.69,6.762,85.88,0.61,22.8,0.97,566.84,105,23,85.7,568.6,0.0,100
2025-05-30 13:01:38.218,-3.11,2.95,-0.93,3.78,0.69,6.762,85.7,0.36,22.8,1.11,566.65,85,23,85.7,568.6,0.0,100
2025-05-30 13:01:38.268,-3.11,2.95,-0.93,3.78,0.69,6.762,85.7,0.49,22.8,0.83,566.65,85,23,85.7,568.6,0.0,100
2025-05-30 13:01:38.320,-3.11,2.94,-0.93,3.78,0.68,6.664,85.7,0.61,22.8,0.69,566.74,89,23,85.7,568.6,0.0,100
2025-05-30 13:01:38.370,-3.11,2.94,-0.93,3.78,0.68,6.664,85.88,0.73,22.8,0.83,566.81,106,23,85.7,568.6,0.0,90
2025-05-30 13:01:38.420,-3.11,2.94,-0.93,3.78,0.68,6.664,85.88,0.36,22.8,0.83,566.71,80,23,85.7,568.6,0.0,90
2025-05-30 13:01:38.471,-3.11,2.94,-0.93,3.78,0.68,6.664,85.7,0.73,22.8,0.56,566.81,83,23,85.7,568.6,0.0,90
2025-05-30 13:01:38.522,-3.11,2.94,-0.89,3.78,0.72,7.056,85.51,0.73,22.8,0.69,566.81,103,23,85.7,568.6,0.0,90
2025-05-30 13:01:38.576,-3.11,2.94,-0.89,3.78,0.72,7.056,85.51,0.49,22.8,0.97,566.81,96,23,85.7,568.6,0.0,100
2025-05-30 13:01:38.626,-3.11,2.94,-0.89,3.78,0.72,7.056,85.7,0.36,22.8,0.69,566.84,96,23,85.7,568.6,0.0,100
2025-05-30 13:01:38.677,-3.11,2.94,-0.89,3.78,0.72,7.056,85.7,0.73,22.8,1.11,566.87,101,23,85.7,568.6,0.0,110
2025-05-30 13:01:38.728,-3.11,2.94,-0.89,3.78,0.72,7.056,85.7,0.49,22.8,0.83,566.93,89,23,85.7,568.6,0.0,110
2025-05-30 13:01:38.778,-3.11,2.94,-0.89,3.78,0.72,7.056,85.7,0.36,22.8,0.83,566.84,90,23,85.7,568.6,0.0,100
2025-05-30 13:01:38.829,-3.11,2.94,-0.89,3.76,0.7,6.86,85.7,0.36,22.8,0.83,566.74,98,23,85.7,568.6,0.0,100
2025-05-30 13:01:38.880,-3.11,2.94,-0.89,3.76,0.7,6.86,85.7,0.36,22.8,0.83,566.74,91,23,85.7,568.6,0.0,100
2025-05-30 13:01:38.930,-3.11,2.94,-0.89,3.76,0.7,6.86,85.7,0.61,22.8,0.97,566.84,104,23,85.7,568.6,0.0,100
2025-05-30 13:01:38.982,-3.11,2.94,-0.89,3.76,0.7,6.86,85.7,0.61,22.8,0.69,566.87,104,23,85.7,568.6,0.0,100
2025-05-30 13:01:39.034,-3.11,2.94,-0.89,3.76,0.7,6.86,85.7,0.36,22.8,0.69,566.84,95,23,85.7,568.6,0.0,100
2025-05-30 13:01:39.084,-3.11,2.94,-0.89,3.76,0.7,6.86,85.7,0.61,22.8,0.69,566.84,93,23,85.7,568.6,0.0,100
2025-05-30 13:01:39.135,-3.11,2.94,-0.89,3.76,0.7,6.86,85.51,0.73,22.9,0.83,567.0,96,23,85.7,568.6,0.0,100
2025-05-30 13:01:39.186,-3.11,2.94,-0.89,3.76,0.7,6.86,85.7,0.73,22.9,0.83,567.0,92,23,85.7,568.6,0.0,100
2025-05-30 13:01:39.237,-3.11,2.94,-0.89,3.76,0.7,6.86,85.88,0.36,22.9,0.69,566.87,80,23,85.7,568.6,0.0,100
2025-05-30 13:01:39.288,-3.11,2.94,-0.89,3.76,0.7,6.86,85.7,0.36,22.9,0.56,566.9,89,23,85.7,568.6,0.0,100
2025-05-30 13:01:39.338,-3.11,2.94,-0.89,3.76,0.7,6.86,85.51,0.49,22.9,0.56,567.0,89,23,85.7,568.6,0.0,100
2025-05-30 13:01:39.389,-3.11,2.94,-0.89,3.76,0.7,6.86,85.33,0.49,22.9,0.83,567.03,95,23,85.7,568.6,0.0,90
2025-05-30 13:01:39.440,-3.12,2.94,-0.93,3.76,0.65,6.37,85.33,0.61,22.9,0.83,566.97,102,23,85.7,568.6,0.0,90
2025-05-30 13:01:39.490,-3.12,2.94,-0.93,3.76,0.65,6.37,85.51,0.36,22.9,0.97,566.81,100,23,85.7,568.6,0.0,100
2025-05-30 13:01:39.541,-3.12,2.94,-0.93,3.76,0.65,6.37,85.51,0.36,22.8,1.11,566.81,95,23,85.7,568.6,0.0,100
2025-05-30 13:01:39.592,-3.12,2.92,-0.93,3.76,0.63,6.174,85.7,0.36,22.8,0.83,566.71,86,22,85.7,568.6,0.0,100
2025-05-30 13:01:39.643,-3.12,2.92,-0.93,3.76,0.63,6.174,85.7,0.49,22.8,0.69,566.59,86,22,85.7,568.6,0.0,100
2025-05-30 13:01:39.694,-3.12,2.92,-0.93,3.76,0.63,6.174,85.7,0.49,22.8,0.97,566.46,90,23,85.7,568.6,0.0,100
2025-05-30 13:01:39.745,-3.12,2.92,-0.93,3.76,0.63,6.174,85.7,0.36,22.7,0.97,566.59,90,23,85.7,568.6,0.0,100
2025-05-30 13:01:39.795,-3.12,2.92,-0.93,3.76,0.63,6.174,85.88,0.49,22.7,0.97,566.68,104,23,85.7,568.6,0.0,100
2025-05-30 13:01:39.846,-3.12,2.92,-0.93,3.76,0.63,6.174,86.06,0.73,22.7,0.69,566.68,80,23,85.7,568.6,0.0,100
2025-05-30 13:01:39.896,-3.12,2.92,-0.93,3.76,0.63,6.174,86.06,0.73,22.8,1.25,566.71,93,23,85.7,568.6,0.0,100
2025-05-30 13:01:39.948,-3.12,2.92,-0.93,3.76,0.63,6.174,85.7,0.36,22.8,0.69,566.74,90,23,85.7,568.6,0.0,100
2025-05-30 13:01:39.999,-3.12,2.92,-0.93,3.76,0.63,6.174,85.51,0.61,22.8,0.83,566.68,90,23,85.7,568.6,0.0,100
2025-05-30 13:01:40.049,-3.12,2.92,-0.93,3.76,0.63,6.174,85.51,0.49,22.8,0.97,566.71,93,23,85.7,568.6,0.0,100
2025-05-30 13:01:40.100,-3.12,2.92,-0.93,3.76,0.63,6.174,85.51,0.49,22.7,0.97,566.59,91,23,85.7,568.6,0.0,100
2025-05-30 13:01:40.151,-3.12,2.92,-0.93,3.76,0.63,6.174,85.51,0.49,22.7,0.97,566.59,94,23,85.7,568.6,0.0,100
2025-05-30 13:01:40.203,-3.12,2.92,-0.93,3.74,0.61,5.978,85.51,0.49,22.7,0.97,566.59,86,23,85.7,568.6,0.0,100
2025-05-30 13:01:40.254,-3.12,2.92,-0.93,3.74,0.61,5.978,85.51,0.49,22.7,0.69,566.52,96,22,85.7,568.6,0.0,90
2025-05-30 13:01:40.305,-3.12,2.92,-0.93,3.74,0.61,5.978,85.7,0.49,22.7,0.97,566.59,96,23,85.7,568.6,0.0,90
2025-05-30 13:01:40.356,-3.12,2.92,-0.93,3.74,0.61,5.978,85.7,0.61,22.7,0.69,566.62,94,23,85.7,568.5,0.0,100
2025-05-30 13:01:40.407,-3.12,2.92,-0.93,3.74,0.61,5.978,86.06,0.49,22.7,0.83,566.56,81,23,85.7,568.5,0.0,100
2025-05-30 13:01:40.458,-3.09,2.92,-0.93,3.74,0.64,6.272,86.06,0.36,22.7,0.83,566.52,78,23,85.7,568.6,0.0,100
2025-05-30 13:01:40.508,-3.09,2.92,-0.93,3.74,0.64,6.272,86.06,0.61,22.7,0.69,566.59,85,23,85.7,568.6,0.0,100
2025-05-30 13:01:40.559,-3.09,2.92,-0.93,3.74,0.64,6.272,85.88,0.61,22.7,0.69,566.59,99,22,85.7,568.6,0.0,100
2025-05-30 13:01:40.609,-3.09,2.92,-0.93,3.74,0.64,6.272,85.51,0.61,22.7,0.97,566.49,89,23,85.7,568.6,0.0,100
2025-05-30 13:01:40.660,-3.09,2.92,-0.93,3.74,0.64,6.272,85.51,0.49,22.7,0.97,566.52,89,23,85.7,568.6,0.0,100
2025-05-30 13:01:40.711,-3.09,2.92,-0.93,3.74,0.64,6.272,85.51,0.49,22.7,0.83,566.56,82,23,85.7,568.6,0.0,100
2025-05-30 13:01:40.761,-3.09,2.92,-0.89,3.74,0.68,6.664,85.51,0.24,22.7,0.83,566.62,95,23,85.7,568.6,0.0,90
2025-05-30 13:01:40.812,-3.09,2.92,-0.89,3.74,0.68,6.664,85.7,0.61,22.7,0.83,566.74,96,23,85.7,568.6,0.0,90
2025-05-30 13:01:40.862,-3.09,2.92,-0.89,3.74,0.68,6.664,85.7,0.61,22.7,0.56,566.74,103,23,85.7,568.6,0.0,100
2025-05-30 13:01:40.913,-3.09,2.92,-0.89,3.74,0.68,6.664,85.7,0.61,22.7,0.97,566.68,92,23,85.7,568.6,0.0,100
2025-05-30 13:01:40.963,-3.09,2.92,-0.89,3.74,0.68,6.664,85.88,0.61,22.7,0.69,566.59,92,22,85.7,568.6,0.0,100
2025-05-30 13:01:41.014,-3.09,2.92,-0.89,3.74,0.68,6.664,85.88,0.49,22.7,0.69,566.74,79,23,85.7,568.6,0.0,100
2025-05-30 13:01:41.065,-3.09,2.92,-0.89,3.74,0.68,6.664,85.88,0.49,22.7,0.42,566.59,81,22,85.7,568.6,0.0,100
2025-05-30 13:01:41.115,-3.09,2.92,-0.89,3.74,0.68,6.664,85.88,0.36,22.7,0.42,566.62,95,22,85.7,568.6,0.0,100
2025-05-30 13:01:41.166,-3.09,2.92,-0.89,3.75,0.69,6.762,85.51,0.36,22.7,0.83,566.56,82,22,85.7,568.6,0.0,90
2025-05-30 13:01:41.217,-3.09,2.92,-0.89,3.75,0.69,6.762,85.33,0.36,22.7,0.83,566.56,92,23,85.7,568.6,0.0,90
2025-05-30 13:01:41.268,-3.09,2.92,-0.89,3.75,0.69,6.762,85.33,0.49,22.8,0.83,566.71,96,23,85.7,568.6,0.0,100
2025-05-30 13:01:41.319,-3.09,2.92,-0.89,3.75,0.69,6.762,85.33,0.61,22.8,0.83,566.71,96,23,85.7,568.6,0.0,100
2025-05-30 13:01:41.370,-3.09,2.92,-0.89,3.75,0.69,6.762,85.51,0.61,22.8,0.97,566.74,109,23,85.7,568.6,0.0,100
2025-05-30 13:01:41.421,-3.09,2.92,-0.89,3.75,0.69,6.762,85.51,0.49,22.7,0.97,566.65,89,23,85.7,568.6,0.0,100
2025-05-30 13:01:41.471,-3.12,2.91,-0.89,3.75,0.65,6.37,85.51,0.61,22.7,0.97,566.65,88,23,85.7,568.6,0.0,100
2025-05-30 13:01:41.522,-3.12,2.91,-0.89,3.75,0.65,6.37,85.7,0.61,22.7,0.97,566.65,93,22,85.7,568.6,0.0,100
2025-05-30 13:01:41.572,-3.12,2.91,-0.89,3.75,0.65,6.37,85.7,0.36,22.7,0.83,566.62,77,23,85.7,568.6,0.0,100
2025-05-30 13:01:41.623,-3.12,2.91,-0.89,3.75,0.65,6.37,85.88,0.36,22.7,1.11,566.59,77,23,85.7,568.6,0.0,100
2025-05-30 13:01:41.673,-3.12,2.91,-0.89,3.75,0.65,6.37,85.88,0.49,22.7,0.69,566.68,89,22,85.7,568.6,0.0,90
2025-05-30 13:01:41.724,-3.12,2.91,-0.91,3.75,0.63,6.174,85.88,0.24,22.7,0.83,566.65,91,22,85.7,568.6,0.0,90
2025-05-30 13:01:41.775,-3.12,2.91,-0.91,3.75,0.63,6.174,85.88,0.36,22.7,0.83,566.65,94,22,85.7,568.6,0.0,100
2025-05-30 13:01:41.825,-3.12,2.91,-0.91,3.75,0.63,6.174,85.88,0.49,22.7,0.69,566.81,92,22,85.7,568.6,0.0,100
2025-05-30 13:01:41.876,-3.12,2.91,-0.91,3.75,0.63,6.174,85.7,0.49,22.8,0.83,566.81,95,22,85.7,568.6,0.0,90
2025-05-30 13:01:41.927,-3.12,2.91,-0.91,3.75,0.63,6.174,85.51,0.73,22.8,0.97,566.78,93,23,85.7,568.6,0.0,90
2025-05-30 13:01:41.978,-3.12,2.91,-0.91,3.75,0.63,6.174,85.7,0.36,22.8,0.97,566.68,93,23,85.7,568.6,0.0,100
2025-05-30 13:01:42.030,-3.12,2.91,-0.91,3.75,0.63,6.174,85.7,0.61,22.8,1.39,566.74,108,22,171.39,568.6,0.0,100
2025-05-30 13:01:42.081,-3.12,2.91,-0.91,3.75,0.63,6.174,85.7,1.59,22.8,1.39,566.65,143,22,171.39,568.6,0.0,100
2025-05-30 13:01:42.132,-3.12,2.91,-0.91,3.74,0.62,6.076,86.25,2.81,22.7,2.64,566.49,239,22,171.39,568.6,0.0,100
2025-05-30 13:01:42.182,-3.12,2.91,-0.91,3.74,0.62,6.076,88.99,4.52,22.7,4.3,566.49,278,22,171.39,568.6,0.0,100
2025-05-30 13:01:42.233,-3.12,2.91,-0.91,3.74,0.62,6.076,93.94,4.52,22.7,5.41,566.46,307,22,171.39,568.6,0.0,100
2025-05-30 13:01:42.283,-3.12,2.91,-0.91,3.74,0.62,6.076,101.63,5.13,22.7,6.11,566.56,309,22,171.39,568.5,0.0,170
2025-05-30 13:01:42.334,-3.12,2.91,-0.91,3.74,0.62,6.076,110.97,6.48,22.7,7.08,566.49,309,22,171.39,568.5,0.0,170
2025-05-30 13:01:42.385,-3.12,2.91,-0.91,3.74,0.62,6.076,122.68,6.36,22.7,8.33,566.43,337,22,171.39,568.5,0.0,210
2025-05-30 13:01:42.435,-3.12,2.96,-0.91,3.74,0.67,6.566,122.68,6.48,22.7,8.33,566.52,348,22,171.39,568.5,0.0,210
2025-05-30 13:01:42.486,-3.12,2.96,-0.91,3.74,0.67,6.566,135.87,6.48,22.7,8.88,566.43,375,22,171.39,568.5,0.0,270
2025-05-30 13:01:42.537,-3.12,2.96,-0.91,3.74,0.67,6.566,149.42,6.48,22.7,7.91,566.43,360,22,171.39,568.5,0.0,270
2025-05-30 13:01:42.587,-3.12,2.96,-0.91,3.74,0.67,6.566,162.24,5.99,22.7,6.11,566.43,376,23,171.39,568.5,0.0,330
2025-05-30 13:01:42.638,-3.12,2.96,-0.84,3.74,0.74,7.252,172.86,4.77,22.7,4.58,566.62,376,23,171.39,568.5,0.0,330
2025-05-30 13:01:42.688,-3.12,2.96,-0.84,3.74,0.74,7.252,181.28,3.66,22.7,3.89,566.52,374,23,171.39,568.5,0.0,310
2025-05-30 13:01:42.739,-3.12,2.96,-0.84,3.74,0.74,7.252,181.28,2.44,22.7,3.89,566.52,357,23,171.39,568.5,0.0,310
2025-05-30 13:01:42.790,-3.12,2.96,-0.84,3.74,0.74,7.252,187.51,1.83,22.7,3.05,566.56,347,23,171.39,568.5,0.0,260
2025-05-30 13:01:42.840,-3.12,2.96,-0.84,3.74,0.74,7.252,191.53,1.83,22.7,2.36,566.56,306,23,171.39,568.5,0.0,260
2025-05-30 13:01:42.891,-3.12,2.96,-0.84,3.74,0.74,7.252,193.91,1.34,22.7,1.67,566.68,233,23,171.39,568.6,0.0,190
2025-05-30 13:01:42.941,-3.12,2.96,-0.84,3.74,0.74,7.252,194.46,0.61,22.8,0.83,566.62,170,23,171.39,568.6,0.0,190
2025-05-30 13:01:42.992,-3.12,2.96,-0.84,3.74,0.74,7.252,193.37,0.24,22.8,0.28,566.81,170,23,171.39,568.6,0.0,150
2025-05-30 13:01:43.043,-3.12,2.96,-0.84,3.74,0.74,7.252,191.53,0.0,22.8,0.0,566.74,136,23,171.39,568.6,0.0,150
2025-05-30 13:01:43.094,-3.12,2.96,-0.84,3.74,0.74,7.252,191.53,0.0,22.8,0.0,566.68,112,23,171.39,568.6,0.0,100
2025-05-30 13:01:43.144,-3.12,2.96,-0.84,3.82,0.82,8.036,188.97,0.0,22.8,-0.28,566.71,108,23,171.39,568.6,0.0,100
2025-05-30 13:01:43.198,-3.12,2.96,-0.84,3.82,0.82,8.036,185.86,0.0,22.8,0.0,566.71,94,23,171.39,568.6,0.0,70
2025-05-30 13:01:43.248,-3.12,2.96,-0.84,3.82,0.82,8.036,182.2,0.0,22.7,0.0,566.74,123,23,171.39,568.6,0.0,70
2025-05-30 13:01:43.299,-3.12,2.96,-0.84,3.82,0.82,8.036,178.72,0.0,22.7,0.14,566.62,123,23,171.39,568.6,0.0,70
2025-05-30 13:01:43.349,-3.12,2.96,-0.84,3.82,0.82,8.036,175.42,0.0,22.7,0.42,566.62,124,23,171.39,568.6,0.0,70
2025-05-30 13:01:43.400,-3.12,2.96,-0.84,3.82,0.82,8.036,175.42,0.0,22.7,0.42,566.46,126,23,171.39,568.6,0.0,70
2025-05-30 13:01:43.451,-2.89,2.96,-0.84,3.82,1.05,10.29,172.86,0.36,22.7,0.42,566.43,150,23,171.39,568.6,0.0,80
2025-05-30 13:01:43.502,-2.89,2.96,-0.84,3.82,1.05,10.29,170.29,0.61,22.7,1.11,566.65,159,23,171.39,568.6,0.0,80
2025-05-30 13:01:43.552,-2.89,2.96,-0.84,3.82,1.05,10.29,168.46,0.61,22.7,1.11,566.65,182,23,171.39,568.6,0.0,70
2025-05-30 13:01:43.603,-2.89,2.96,-0.77,3.82,1.12,10.976,167.18,0.98,22.7,1.53,566.62,193,23,171.39,568.6,0.0,70
2025-05-30 13:01:43.654,-2.89,2.96,-0.77,3.82,1.12,10.976,166.45,1.1,22.7,1.39,566.62,193,23,171.39,568.5,0.0,90
2025-05-30 13:01:43.704,-2.89,3.18,-0.77,3.82,1.34,13.132,166.26,1.34,22.7,1.39,566.68,229,23,171.39,568.5,0.0,90
2025-05-30 13:01:43.755,-2.89,3.18,-0.77,3.82,1.34,13.132,166.26,1.47,22.7,1.39,566.71,225,23,171.39,568.6,0.0,110
2025-05-30 13:01:43.806,-2.89,3.18,-0.77,3.82,1.34,13.132,166.45,1.47,22.7,1.53,566.52,256,23,171.39,568.6,0.0,110
2025-05-30 13:01:43.856,-2.89,3.18,-0.77,3.82,1.34,13.132,166.63,1.47,22.7,1.39,566.52,260,23,171.39,568.6,0.0,120
2025-05-30 13:01:43.907,-2.89,3.18,-0.77,3.82,1.34,13.132,167.18,1.59,22.7,1.53,566.62,270,23,171.39,568.6,0.0,120
2025-05-30 13:01:43.957,-2.89,3.18,-0.77,3.82,1.34,13.132,167.73,1.59,22.7,1.94,566.74,270,23,171.39,568.6,0.0,120
2025-05-30 13:01:44.008,-2.89,3.18,-0.77,3.82,1.34,13.132,168.83,1.47,22.8,1.53,566.78,262,23,171.39,568.6,0.0,120
2025-05-30 13:01:44.059,-2.89,3.18,-0.77,3.82,1.34,13.132,169.56,1.22,22.8,1.53,566.71,267,23,171.39,568.6,0.0,120
2025-05-30 13:01:44.109,-2.89,3.18,-0.77,3.79,1.31,12.838,169.56,1.47,22.8,1.53,566.68,256,23,171.39,568.6,0.0,120
2025-05-30 13:01:44.160,-2.89,3.18,-0.77,3.79,1.31,12.838,170.11,1.22,22.8,1.53,566.81,250,23,171.39,568.6,0.0,130
2025-05-30 13:01:44.211,-2.89,3.18,-0.77,3.79,1.31,12.838,170.84,1.22,22.8,1.25,566.81,248,23,171.39,568.6,0.0,130
2025-05-30 13:01:44.261,-2.89,3.18,-0.77,3.79,1.31,12.838,171.21,1.22,22.8,1.39,566.74,237,23,171.39,568.6,0.0,120
2025-05-30 13:01:44.312,-2.89,3.18,-0.77,3.79,1.31,12.838,171.94,1.34,22.8,1.39,566.71,237,23,171.39,568.6,0.0,120
2025-05-30 13:01:44.363,-2.89,3.18,-0.77,3.79,1.31,12.838,172.49,1.22,22.8,1.53,566.52,233,23,171.39,568.6,0.0,120
2025-05-30 13:01:44.413,-2.89,3.18,-0.77,3.79,1.31,12.838,172.49,1.34,22.8,1.53,566.62,241,23,171.39,568.6,0.0,120
2025-05-30 13:01:44.464,-2.96,3.18,-0.77,3.79,1.24,12.152,172.31,1.47,22.7,1.25,566.62,213,23,171.39,568.6,0.0,120
2025-05-30 13:01:44.515,-2.96,3.18,-0.77,3.79,1.24,12.152,172.49,1.47,22.7,1.25,566.62,197,23,171.39,568.6,0.0,120
2025-05-30 13:01:44.565,-2.96,3.18,-0.79,3.79,1.22,11.956,172.49,1.34,22.7,1.39,566.68,221,23,171.39,568.6,0.0,110
2025-05-30 13:01:44.616,-2.96,3.1,-0.79,3.79,1.14,11.172,172.67,1.34,22.7,1.39,566.59,221,23,171.39,568.6,0.0,110
2025-05-30 13:01:44.667,-2.96,3.1,-0.79,3.79,1.14,11.172,172.67,1.1,22.7,1.39,566.56,219,23,171.39,568.6,0.0,110
2025-05-30 13:01:44.718,-2.96,3.1,-0.79,3.79,1.14,11.172,172.67,1.34,22.7,1.39,566.56,200,23,171.39,568.6,0.0,110
2025-05-30 13:01:44.768,-2.96,3.1,-0.79,3.79,1.14,11.172,172.31,1.22,22.7,0.97,566.52,216,23,171.39,568.6,0.0,110
2025-05-30 13:01:44.820,-2.96,3.1,-0.79,3.79,1.14,11.172,171.94,0.98,22.7,0.97,566.49,207,23,171.39,568.6,0.0,110
2025-05-30 13:01:44.870,-2.96,3.1,-0.79,3.79,1.14,11.172,171.76,0.98,22.7,1.11,566.49,211,23,171.39,568.6,0.0,110
2025-05-30 13:01:44.921,-2.96,3.1,-0.79,3.79,1.14,11.172,171.94,1.22,22.7,1.11,566.81,205,23,171.39,568.6,0.0,110
2025-05-30 13:01:44.971,-2.96,3.1,-0.79,3.79,1.14,11.172,171.76,0.85,22.7,1.53,566.74,205,23,171.39,568.6,0.0,110
2025-05-30 13:01:45.022,-2.96,3.1,-0.79,3.79,1.14,11.172,171.58,1.1,22.8,1.25,566.68,220,23,171.39,568.6,0.0,110
2025-05-30 13:01:45.073,-2.96,3.1,-0.79,3.79,1.14,11.172,171.58,1.1,22.8,1.25,566.81,218,23,171.39,568.6,0.0,110
2025-05-30 13:01:45.126,-2.96,3.1,-0.79,3.79,1.14,11.172,171.39,1.1,22.8,1.39,566.74,221,23,171.39,568.6,0.0,110
2025-05-30 13:01:45.176,-2.96,3.1,-0.79,3.79,1.14,11.172,171.21,1.1,22.8,1.39,566.74,220,23,171.39,568.6,0.0,120
2025-05-30 13:01:45.227,-2.96,3.1,-0.79,3.79,1.14,11.172,171.58,1.34,22.8,1.53,566.68,211,23,171.39,568.6,0.0,120
2025-05-30 13:01:45.278,-2.96,3.1,-0.79,3.79,1.14,11.172,171.58,1.34,22.8,1.53,566.81,221,23,171.39,568.6,0.0,110
2025-05-30 13:01:45.329,-2.96,3.1,-0.79,3.79,1.14,11.172,171.21,0.98,22.8,1.25,566.65,221,23,171.39,568.6,0.0,110
2025-05-30 13:01:45.380,-2.96,3.1,-0.79,3.79,1.14,11.172,171.21,1.22,22.8,1.39,566.65,213,23,171.39,568.6,0.0,110
2025-05-30 13:01:45.430,-2.96,3.1,-0.79,3.79,1.14,11.172,171.21,0.98,22.8,1.39,566.71,208,23,171.39,568.6,0.0,110
2025-05-30 13:01:45.481,-2.99,3.1,-0.79,3.79,1.11,10.878,171.21,1.22,22.8,1.53,566.62,221,23,171.39,568.6,0.0,120
2025-05-30 13:01:45.532,-2.99,3.1,-0.79,3.79,1.11,10.878,171.39,1.22,22.7,1.53,566.62,216,23,171.39,568.6,0.0,120
2025-05-30 13:01:45.586,-2.99,3.1,-0.79,3.79,1.11,10.878,171.39,1.22,22.7,1.11,566.52,212,23,171.39,568.6,0.0,110
2025-05-30 13:01:45.636,-2.99,3.1,-0.79,3.79,1.11,10.878,171.21,1.22,22.7,1.39,566.56,212,23,171.39,568.6,0.0,110
2025-05-30 13:01:45.687,-2.99,3.1,-0.79,3.79,1.11,10.878,171.03,1.22,22.7,1.39,566.59,219,23,171.39,568.6,0.0,110
2025-05-30 13:01:45.738,-2.99,3.1,-0.79,3.79,1.11,10.878,171.03,1.22,22.7,1.53,566.65,216,23,171.39,568.6,0.0,110
2025-05-30 13:01:45.789,-2.99,3.1,-0.79,3.79,1.11,10.878,171.03,1.22,22.7,1.53,566.71,223,23,171.39,568.6,0.0,110
2025-05-30 13:01:45.839,-2.99,3.1,-0.75,3.79,1.15,11.27,171.21,1.1,22.7,1.25,566.62,211,23,171.39,568.6,0.0,110
2025-05-30 13:01:45.890,-2.99,3.2,-0.75,3.79,1.25,12.25,171.39,1.1,22.7,1.25,566.62,222,23,171.39,568.6,0.0,110
2025-05-30 13:01:45.940,-2.99,3.2,-0.75,3.79,1.25,12.25,171.21,1.22,22.7,1.25,566.59,223,23,171.39,568.6,0.0,110
2025-05-30 13:01:45.991,-2.99,3.2,-0.75,3.79,1.25,12.25,171.21,1.22,22.7,1.39,566.68,223,23,171.39,568.6,0.0,110
2025-05-30 13:01:46.041,-2.99,3.2,-0.75,3.79,1.25,12.25,171.03,1.47,22.7,1.53,566.68,214,23,171.39,568.6,0.0,110
2025-05-30 13:01:46.092,-2.99,3.2,-0.75,3.66,1.12,10.976,171.03,1.34,22.7,1.53,566.65,220,23,171.39,568.6,0.0,110
2025-05-30 13:01:46.142,-2.99,3.2,-0.75,3.66,1.12,10.976,171.39,1.22,22.7,1.39,566.49,210,23,171.39,568.6,0.0,110
2025-05-30 13:01:46.193,-2.99,3.2,-0.75,3.66,1.12,10.976,171.39,1.22,22.7,1.11,566.49,209,23,171.39,568.6,0.0,110
2025-05-30 13:01:46.243,-2.99,3.2,-0.75,3.66,1.12,10.976,171.39,1.34,22.7,1.25,566.59,216,23,171.39,568.6,0.0,100
2025-05-30 13:01:46.294,-2.99,3.2,-0.75,3.66,1.12,10.976,171.21,1.22,22.7,1.53,566.65,216,23,171.39,568.6,0.0,100
2025-05-30 13:01:46.345,-2.99,3.2,-0.75,3.66,1.12,10.976,171.21,1.22,22.7,1.39,566.81,207,23,171.39,568.6,0.0,100
2025-05-30 13:01:46.395,-2.98,3.2,-0.75,3.66,1.13,11.074,171.58,1.1,22.7,1.67,566.71,205,23,171.39,568.6,0.0,110
2025-05-30 13:01:46.446,-2.98,3.2,-0.75,3.66,1.13,11.074,171.58,0.98,22.7,1.67,566.71,218,23,171.39,568.5,0.0,120
2025-05-30 13:01:46.497,-2.98,3.2,-0.75,3.66,1.13,11.074,171.58,1.22,22.7,1.53,566.68,211,23,171.39,568.5,0.0,120
2025-05-30 13:01:46.547,-2.98,3.2,-0.75,3.66,1.13,11.074,171.39,1.22,22.8,1.25,566.68,217,23,171.39,568.6,0.0,110
2025-05-30 13:01:46.598,-2.98,3.2,-0.75,3.66,1.13,11.074,171.39,1.47,22.8,1.39,566.71,210,23,171.39,568.6,0.0,110
2025-05-30 13:01:46.648,-2.98,3.2,-0.75,3.66,1.13,11.074,171.21,1.1,22.8,1.39,566.71,210,23,171.39,568.6,0.0,110
2025-05-30 13:01:46.699,-2.98,3.2,-0.75,3.66,1.13,11.074,171.58,1.22,22.8,1.25,566.71,209,23,171.39,568.6,0.0,110
2025-05-30 13:01:46.750,-2.98,3.2,-0.75,3.66,1.13,11.074,171.58,0.98,22.8,1.25,566.62,218,23,171.39,568.6,0.0,110
2025-05-30 13:01:46.801,-2.98,3.23,-0.79,3.66,1.12,10.976,171.58,1.22,22.7,1.39,566.59,211,23,171.39,568.6,0.0,110
2025-05-30 13:01:46.851,-2.98,3.23,-0.79,3.66,1.12,10.976,171.39,1.22,22.7,1.39,566.59,225,23,171.39,568.6,0.0,110
2025-05-30 13:01:46.902,-2.98,3.23,-0.79,3.66,1.12,10.976,171.21,1.47,22.7,1.25,566.62,207,23,171.39,568.6,0.0,110
2025-05-30 13:01:46.953,-2.98,3.23,-0.79,3.66,1.12,10.976,171.21,1.34,22.7,1.53,566.56,207,23,171.39,568.6,0.0,110
2025-05-30 13:01:47.004,-2.98,3.23,-0.79,3.66,1.12,10.976,171.58,1.22,22.7,1.25,566.68,222,23,171.39,568.6,0.0,110
2025-05-30 13:01:47.054,-2.98,3.23,-0.79,3.61,1.07,10.486,171.39,1.1,22.7,1.67,566.74,214,23,171.39,568.6,0.0,110
2025-05-30 13:01:47.105,-2.98,3.23,-0.79,3.61,1.07,10.486,171.39,1.34,22.8,1.67,566.68,224,23,171.39,568.6,0.0,110
2025-05-30 13:01:47.156,-2.98,3.23,-0.79,3.61,1.07,10.486,171.21,1.34,22.8,1.25,566.59,222,23,171.39,568.6,0.0,110
2025-05-30 13:01:47.207,-2.98,3.23,-0.79,3.61,1.07,10.486,171.21,1.34,22.7,1.53,566.59,217,23,171.39,568.6,0.0,110
2025-05-30 13:01:47.258,-2.98,3.23,-0.79,3.61,1.07,10.486,171.03,1.34,22.7,1.25,566.52,214,22,171.39,568.6,0.0,120
2025-05-30 13:01:47.308,-2.98,3.23,-0.79,3.61,1.07,10.486,171.39,1.22,22.7,1.25,566.52,214,23,171.39,568.6,0.0,120
2025-05-30 13:01:47.359,-2.98,3.23,-0.79,3.61,1.07,10.486,171.39,1.34,22.7,1.67,566.71,218,23,171.39,568.6,0.0,100
2025-05-30 13:01:47.410,-2.95,3.23,-0.79,3.61,1.1,10.78,171.39,1.22,22.7,1.67,566.74,222,23,171.39,568.6,0.0,100
2025-05-30 13:01:47.461,-2.95,3.23,-0.79,3.61,1.1,10.78,171.21,1.59,22.7,1.67,566.71,234,23,171.39,568.6,0.0,110
2025-05-30 13:01:47.512,-2.95,3.23,-0.79,3.61,1.1,10.78,171.21,1.59,22.8,1.53,566.71,227,23,171.39,568.6,0.0,110
2025-05-30 13:01:47.563,-2.95,3.23,-0.79,3.61,1.1,10.78,171.39,1.34,22.8,1.8,566.68,230,23,171.39,568.6,0.0,110
2025-05-30 13:01:47.613,-2.95,3.23,-0.79,3.61,1.1,10.78,171.76,1.59,22.8,1.39,566.71,230,23,171.39,568.6,0.0,110
2025-05-30 13:01:47.668,-2.95,3.23,-0.79,3.61,1.1,10.78,171.76,1.1,22.8,1.39,566.68,211,23,171.39,568.6,0.0,120
2025-05-30 13:01:47.718,-2.95,3.23,-0.79,3.61,1.1,10.78,171.58,1.22,22.8,1.53,566.71,213,23,171.39,568.6,0.0,120
2025-05-30 13:01:47.769,-2.95,3.19,-0.79,3.61,1.06,10.388,171.58,1.22,22.7,1.53,566.62,216,23,171.39,568.6,0.0,120
2025-05-30 13:01:47.819,-2.95,3.19,-0.79,3.61,1.06,10.388,171.39,1.22,22.7,1.39,566.56,215,22,171.39,568.6,0.0,120
2025-05-30 13:01:47.870,-2.95,3.19,-0.79,3.61,1.06,10.388,171.21,1.22,22.7,1.25,566.56,215,22,171.39,568.6,0.0,110
2025-05-30 13:01:47.920,-2.95,3.19,-0.79,3.61,1.06,10.388,171.39,0.98,22.7,1.39,566.4,219,22,171.39,568.6,0.0,110
2025-05-30 13:01:47.971,-2.95,3.19,-0.79,3.61,1.06,10.388,171.39,1.34,22.7,1.25,566.49,219,22,171.39,568.6,0.0,110
2025-05-30 13:01:48.021,-2.95,3.19,-0.79,3.61,1.06,10.388,171.03,1.34,22.7,1.25,566.59,222,22,171.39,568.6,0.0,110
2025-05-30 13:01:48.073,-2.95,3.19,-0.79,3.61,1.06,10.388,171.03,1.71,22.7,1.53,566.49,225,22,171.39,568.6,0.0,110
2025-05-30 13:01:48.124,-2.95,3.19,-0.79,3.61,1.06,10.388,171.03,1.59,22.7,1.53,566.46,229,22,171.39,568.6,0.0,110
2025-05-30 13:01:48.174,-2.95,3.19,-0.79,3.61,1.06,10.388,171.03,1.59,22.7,1.53,566.49,245,22,171.39,568.6,0.0,100
2025-05-30 13:01:48.225,-2.95,3.19,-0.79,3.61,1.06,10.388,171.58,1.59,22.7,1.53,566.49,222,22,171.39,568.6,0.0,100
2025-05-30 13:01:48.276,-2.95,3.19,-0.79,3.61,1.06,10.388,171.58,1.1,22.6,1.39,566.46,216,22,171.39,568.6,0.0,120
2025-05-30 13:01:48.328,-2.95,3.19,-0.79,3.61,1.06,10.388,171.39,1.1,22.6,1.53,566.4,216,22,171.39,568.6,0.0,120
2025-05-30 13:01:48.379,-2.95,3.19,-0.79,3.74,1.19,11.662,171.39,1.34,22.6,1.25,566.37,236,22,171.39,568.6,0.0,120
2025-05-30 13:01:48.429,-2.96,3.19,-0.79,3.74,1.18,11.564,171.39,1.1,22.6,1.25,566.37,221,22,171.39,568.6,0.0,120
2025-05-30 13:01:48.480,-2.96,3.19,-0.79,3.74,1.18,11.564,171.21,1.34,22.6,1.67,566.46,235,22,171.39,568.6,0.0,110
2025-05-30 13:01:48.530,-2.96,3.19,-0.79,3.74,1.18,11.564,171.39,1.34,22.6,1.25,566.46,222,22,171.39,568.6,0.0,110
2025-05-30 13:01:48.581,-2.96,3.19,-0.79,3.74,1.18,11.564,171.58,1.34,22.6,1.53,566.43,216,22,171.39,568.6,0.0,110
2025-05-30 13:01:48.632,-2.96,3.19,-0.79,3.74,1.18,11.564,171.21,1.22,22.6,1.39,566.43,216,22,171.39,568.6,0.0,110
2025-05-30 13:01:48.683,-2.96,3.15,-0.79,3.74,1.14,11.172,171.21,1.22,22.6,1.67,566.49,242,22,171.39,568.6,0.0,110
2025-05-30 13:01:48.734,-2.96,3.15,-0.79,3.74,1.14,11.172,171.21,1.1,22.6,1.67,566.59,237,22,171.39,568.6,0.0,110
2025-05-30 13:01:48.784,-2.96,3.15,-0.79,3.74,1.14,11.172,171.21,1.22,22.7,1.67,566.49,240,22,171.39,568.6,0.0,120
2025-05-30 13:01:48.835,-2.96,3.15,-0.79,3.74,1.14,11.172,171.58,1.1,22.7,1.39,566.56,218,22,171.39,568.6,0.0,120
2025-05-30 13:01:48.885,-2.96,3.15,-0.79,3.74,1.14,11.172,171.58,1.1,22.7,1.25,566.56,227,22,171.39,568.5,0.0,110
2025-05-30 13:01:48.936,-2.96,3.15,-0.79,3.74,1.14,11.172,171.39,0.98,22.7,1.25,566.56,213,22,171.39,568.5,0.0,110
2025-05-30 13:01:48.987,-2.96,3.15,-0.79,3.74,1.14,11.172,171.21,1.1,22.7,1.53,566.68,213,22,171.39,568.6,0.0,110
2025-05-30 13:01:49.037,-2.96,3.15,-0.79,3.74,1.14,11.172,171.03,1.22,22.7,1.67,566.62,241,22,171.39,568.6,0.0,110
2025-05-30 13:01:49.088,-2.96,3.15,-0.79,3.74,1.14,11.172,171.03,1.1,22.7,1.67,566.59,244,22,171.39,568.6,0.0,110
2025-05-30 13:01:49.139,-2.96,3.15,-0.79,3.74,1.14,11.172,171.39,1.22,22.7,1.67,566.59,240,22,171.39,568.6,0.0,110
2025-05-30 13:01:49.190,-2.96,3.15,-0.79,3.74,1.14,11.172,171.58,1.22,22.7,1.67,566.59,234,22,171.39,568.6,0.0,120
2025-05-30 13:01:49.241,-2.96,3.15,-0.79,3.74,1.14,11.172,171.39,1.34,22.7,1.53,566.43,247,22,171.39,568.6,0.0,120
2025-05-30 13:01:49.292,-2.96,3.15,-0.79,3.74,1.14,11.172,171.58,1.34,22.6,1.39,566.4,229,22,171.39,568.5,0.0,110
2025-05-30 13:01:49.342,-2.96,3.15,-0.79,3.74,1.14,11.172,171.39,1.1,22.6,1.39,566.27,229,22,171.39,568.5,0.0,110
2025-05-30 13:01:49.393,-2.96,3.15,-0.79,3.73,1.13,11.074,171.58,1.1,22.6,1.39,566.3,212,22,171.39,568.6,0.0,110
2025-05-30 13:01:49.444,-2.98,3.15,-0.79,3.73,1.11,10.878,171.58,1.22,22.6,1.39,566.49,217,22,171.39,568.6,0.0,110
2025-05-30 13:01:49.494,-2.98,3.15,-0.79,3.73,1.11,10.878,171.39,1.22,22.6,1.53,566.4,224,22,171.39,568.6,0.0,110
2025-05-30 13:01:49.545,-2.98,3.15,-0.79,3.73,1.11,10.878,171.21,1.22,22.6,1.25,566.4,242,22,171.39,568.6,0.0,110
2025-05-30 13:01:49.596,-2.98,3.15,-0.79,3.73,1.11,10.878,171.21,1.22,22.6,1.53,566.37,241,22,171.39,568.6,0.0,110
2025-05-30 13:01:49.647,-2.98,3.15,-0.79,3.73,1.11,10.878,171.21,1.34,22.6,1.67,566.37,241,22,171.39,568.6,0.0,110
2025-05-30 13:01:49.697,-2.98,3.15,-0.79,3.73,1.11,10.878,171.58,1.22,22.6,1.53,566.4,244,22,171.39,568.6,0.0,110
2025-05-30 13:01:49.748,-2.98,3.15,-0.79,3.73,1.11,10.878,171.58,0.98,22.6,1.53,566.49,220,22,171.39,568.6,0.0,120
2025-05-30 13:01:49.799,-2.98,3.15,-0.79,3.73,1.11,10.878,171.58,1.1,22.6,1.39,566.46,218,22,171.39,568.6,0.0,120
2025-05-30 13:01:49.850,-2.98,3.15,-0.79,3.73,1.11,10.878,171.58,0.98,22.7,1.39,566.46,239,22,171.39,568.6,0.0,120
2025-05-30 13:01:49.900,-2.98,3.15,-0.79,3.73,1.11,10.878,171.39,0.98,22.7,1.25,566.52,222,22,171.39,568.6,0.0,120
2025-05-30 13:01:49.951,-2.98,3.15,-0.79,3.73,1.11,10.878,171.39,1.1,22.7,1.53,566.52,216,22,171.39,568.6,0.0,110
2025-05-30 13:01:50.002,-2.98,3.15,-0.79,3.73,1.11,10.878,171.58,1.22,22.7,1.67,566.52,216,22,171.39,568.6,0.0,110
2025-05-30 13:01:50.053,-2.98,3.15,-0.82,3.73,1.08,10.584,171.58,1.1,22.7,1.25,566.59,213,22,171.39,568.6,0.0,110
2025-05-30 13:01:50.103,-2.98,3.15,-0.82,3.73,1.08,10.584,171.58,0.98,22.7,1.25,566.56,216,22,171.39,568.6,0.0,110
2025-05-30 13:01:50.154,-2.98,3.15,-0.82,3.73,1.08,10.584,171.39,1.22,22.7,1.67,566.59,222,22,171.39,568.6,0.0,110
2025-05-30 13:01:50.204,-2.98,3.15,-0.82,3.73,1.08,10.584,171.39,1.22,22.7,1.53,566.59,223,22,171.39,568.6,0.0,110
2025-05-30 13:01:50.256,-2.98,3.15,-0.82,3.73,1.08,10.584,171.21,1.1,22.7,1.53,566.43,225,22,171.39,568.6,0.0,110
2025-05-30 13:01:50.309,-2.98,3.15,-0.82,3.73,1.08,10.584,171.39,1.22,22.6,1.67,566.27,225,22,171.39,568.6,0.0,110
2025-05-30 13:01:50.360,-2.98,3.15,-0.82,3.73,1.08,10.584,171.58,1.1,22.6,1.25,566.27,213,22,171.39,568.6,0.0,110
2025-05-30 13:01:50.411,-2.93,3.15,-0.82,3.73,1.13,11.074,171.39,0.98,22.6,1.67,566.43,213,22,171.39,568.6,0.0,110
2025-05-30 13:01:50.461,-2.93,3.15,-0.82,3.73,1.13,11.074,171.39,1.1,22.6,1.67,566.43,220,22,171.39,568.6,0.0,110
2025-05-30 13:01:50.512,-2.93,3.15,-0.82,3.73,1.13,11.074,171.39,1.1,22.7,1.25,566.52,220,22,171.39,568.6,0.0,110
2025-05-30 13:01:50.562,-2.93,3.17,-0.82,3.73,1.15,11.27,171.39,1.1,22.7,1.53,566.52,219,22,171.39,568.6,0.0,110
2025-05-30 13:01:50.614,-2.93,3.17,-0.82,3.73,1.15,11.27,171.58,1.22,22.7,1.53,566.56,220,22,171.39,568.6,0.0,110
2025-05-30 13:01:50.664,-2.93,3.17,-0.82,3.73,1.15,11.27,171.76,1.1,22.7,1.53,566.62,220,22,171.39,568.6,0.0,110
2025-05-30 13:01:50.715,-2.93,3.17,-0.82,3.73,1.15,11.27,171.58,0.98,22.7,1.39,566.68,219,22,171.39,568.6,0.0,110
2025-05-30 13:01:50.766,-2.93,3.17,-0.82,3.73,1.15,11.27,171.58,0.98,22.7,1.39,566.56,214,22,171.39,568.6,0.0,110
2025-05-30 13:01:50.817,-2.93,3.17,-0.82,3.73,1.15,11.27,171.76,1.1,22.7,1.39,566.59,217,22,171.39,568.6,0.0,110
2025-05-30 13:01:50.868,-2.93,3.17,-0.82,3.73,1.15,11.27,171.76,1.1,22.7,1.39,566.59,223,22,171.39,568.6,0.0,110
2025-05-30 13:01:50.920,-2.93,3.17,-0.82,3.73,1.15,11.27,171.94,0.85,22.7,1.39,566.49,209,22,171.39,568.6,0.0,110
2025-05-30 13:01:50.970,-2.93,3.17,-0.89,3.73,1.08,10.584,171.94,0.85,22.7,1.67,566.59,212,22,171.39,568.6,0.0,110
2025-05-30 13:01:51.021,-2.93,3.17,-0.89,3.73,1.08,10.584,171.76,1.1,22.7,1.25,566.49,212,22,171.39,568.6,0.0,110
2025-05-30 13:01:51.072,-2.93,3.17,-0.89,3.73,1.08,10.584,171.76,0.98,22.7,1.39,566.46,227,22,171.39,568.6,0.0,100
2025-05-30 13:01:51.123,-2.93,3.17,-0.89,3.73,1.08,10.584,171.76,0.98,22.7,1.39,566.3,220,22,171.39,568.6,0.0,100
2025-05-30 13:01:51.173,-2.93,3.17,-0.89,3.73,1.08,10.584,171.58,0.73,22.7,1.67,566.46,221,22,171.39,568.6,0.0,100
2025-05-30 13:01:51.226,-2.93,3.17,-0.89,3.73,1.08,10.584,171.94,0.73,22.6,1.25,566.46,208,22,171.39,568.6,0.0,100
2025-05-30 13:01:51.276,-2.93,3.17,-0.89,3.73,1.08,10.584,171.76,0.73,22.6,1.53,566.43,197,22,171.39,568.6,0.0,100
2025-05-30 13:01:51.328,-2.93,3.17,-0.89,3.73,1.08,10.584,171.21,0.85,22.6,1.25,566.27,197,22,171.39,568.6,0.0,100
2025-05-30 13:01:51.379,-2.93,3.17,-0.89,3.73,1.08,10.584,171.21,0.98,22.6,1.53,566.33,215,22,171.39,568.6,0.0,100
2025-05-30 13:01:51.429,-2.8,3.17,-0.89,3.73,1.21,11.858,171.03,0.98,22.6,1.67,566.3,227,22,171.39,568.6,0.0,100
2025-05-30 13:01:51.480,-2.8,3.17,-0.89,3.73,1.21,11.858,171.03,0.85,22.6,1.67,566.24,222,22,171.39,568.6,0.0,110
2025-05-30 13:01:51.531,-2.8,3.15,-0.89,3.73,1.19,11.662,171.21,0.98,22.6,1.39,566.37,224,22,171.39,568.6,0.0,110
2025-05-30 13:01:51.581,-2.8,3.15,-0.89,3.73,1.19,11.662,171.21,0.98,22.6,1.11,566.37,223,22,171.39,568.6,0.0,120
2025-05-30 13:01:51.632,-2.8,3.15,-0.89,3.73,1.19,11.662,171.03,0.98,22.6,1.53,566.37,229,22,171.39,568.6,0.0,120
2025-05-30 13:01:51.682,-2.8,3.15,-0.89,3.73,1.19,11.662,171.21,0.98,22.6,1.53,566.46,229,22,171.39,568.6,0.0,110
2025-05-30 13:01:51.733,-2.8,3.15,-0.89,3.73,1.19,11.662,171.03,1.1,22.6,1.39,566.56,221,22,171.39,568.6,0.0,110
2025-05-30 13:01:51.784,-2.8,3.15,-0.89,3.73,1.19,11.662,171.03,0.98,22.7,1.39,566.46,228,22,171.39,568.6,0.0,110
2025-05-30 13:01:51.835,-2.8,3.15,-0.89,3.73,1.19,11.662,171.39,0.98,22.7,1.25,566.52,208,22,171.39,568.6,0.0,110
2025-05-30 13:01:51.885,-2.8,3.15,-0.89,3.73,1.19,11.662,171.39,0.98,22.7,1.25,566.52,218,22,171.39,568.6,0.0,110
2025-05-30 13:01:51.936,-2.8,3.15,-0.92,3.73,1.16,11.368,171.21,0.85,22.7,1.25,566.49,235,22,171.39,568.6,0.0,110
2025-05-30 13:01:51.988,-2.8,3.15,-0.92,3.73,1.16,11.368,171.39,0.85,22.7,1.39,566.43,235,22,171.39,568.5,0.0,120
2025-05-30 13:01:52.039,-2.8,3.15,-0.92,3.73,1.16,11.368,171.21,0.73,22.7,1.67,566.37,229,22,171.39,568.5,0.0,120
2025-05-30 13:01:52.090,-2.8,3.15,-0.92,3.73,1.16,11.368,171.39,0.98,22.6,1.53,566.46,217,22,171.39,568.6,0.0,110
2025-05-30 13:01:52.140,-2.8,3.15,-0.92,3.73,1.16,11.368,171.39,0.85,22.7,1.53,566.46,219,22,171.39,568.6,0.0,110
2025-05-30 13:01:52.191,-2.8,3.15,-0.92,3.73,1.16,11.368,171.39,0.85,22.6,1.53,566.3,219,22,171.39,568.6,0.0,110
2025-05-30 13:01:52.242,-2.8,3.15,-0.92,3.73,1.16,11.368,171.21,0.85,22.6,1.94,566.3,223,22,171.39,568.6,0.0,110
2025-05-30 13:01:52.293,-2.8,3.15,-0.92,3.73,1.16,11.368,171.21,0.85,22.6,1.53,566.4,222,22,171.39,568.6,0.0,120
2025-05-30 13:01:52.345,-2.8,3.15,-0.92,3.73,1.16,11.368,171.21,0.98,22.6,1.53,566.3,222,22,171.39,568.6,0.0,120
2025-05-30 13:01:52.395,-2.8,3.15,-0.92,3.73,1.16,11.368,171.39,0.73,22.6,1.53,566.37,228,22,171.39,568.6,0.0,120
2025-05-30 13:01:52.446,-2.88,3.15,-0.92,3.73,1.08,10.584,171.58,0.73,22.6,1.53,566.56,225,22,171.39,568.6,0.0,110
2025-05-30 13:01:52.497,-2.88,3.15,-0.92,3.73,1.08,10.584,171.58,1.1,22.7,1.53,566.65,213,22,171.39,568.6,0.0,110
2025-05-30 13:01:52.548,-2.88,3.15,-0.92,3.73,1.08,10.584,171.21,0.98,22.7,1.53,566.68,213,22,171.39,568.6,0.0,110
2025-05-30 13:01:52.598,-2.88,3.15,-0.92,3.73,1.08,10.584,171.21,0.98,22.7,1.39,566.68,213,22,171.39,568.6,0.0,110
2025-05-30 13:01:52.649,-2.88,3.15,-0.92,3.79,1.14,11.172,171.21,0.98,22.7,1.67,566.65,213,22,171.39,568.6,0.0,110
2025-05-30 13:01:52.700,-2.88,3.15,-0.92,3.79,1.14,11.172,171.39,0.85,22.7,1.94,566.49,213,22,171.39,568.6,0.0,110
2025-05-30 13:01:52.750,-2.88,3.15,-0.92,3.79,1.14,11.172,171.21,1.1,22.7,1.67,566.46,214,22,171.39,568.6,0.0,110
2025-05-30 13:01:52.801,-2.88,3.17,-0.92,3.79,1.16,11.368,171.21,1.22,22.7,1.67,566.4,231,22,171.39,568.6,0.0,110
2025-05-30 13:01:52.852,-2.88,3.17,-0.83,3.79,1.25,12.25,171.03,0.98,22.6,1.67,566.4,227,22,171.39,568.6,0.0,110
2025-05-30 13:01:52.902,-2.88,3.17,-0.83,3.79,1.25,12.25,171.03,0.98,22.7,1.25,566.4,222,22,171.39,568.6,0.0,110
2025-05-30 13:01:52.953,-2.88,3.17,-0.83,3.79,1.25,12.25,170.84,1.1,22.7,1.53,566.52,219,22,171.39,568.6,0.0,110
2025-05-30 13:01:53.004,-2.88,3.17,-0.83,3.79,1.25,12.25,171.21,1.1,22.7,1.67,566.3,219,22,171.39,568.6,0.0,110
2025-05-30 13:01:53.056,-2.88,3.17,-0.83,3.79,1.25,12.25,171.21,0.98,22.6,1.67,566.43,222,22,171.39,568.6,0.0,110
2025-05-30 13:01:53.107,-2.88,3.17,-0.83,3.79,1.25,12.25,171.03,0.98,22.6,1.53,566.4,248,22,171.39,568.6,0.0,110
2025-05-30 13:01:53.157,-2.88,3.17,-0.83,3.79,1.25,12.25,171.03,1.1,22.6,1.53,566.46,247,22,171.39,568.6,0.0,120
2025-05-30 13:01:53.207,-2.88,3.17,-0.83,3.79,1.25,12.25,171.39,1.1,22.6,1.53,566.52,245,22,171.39,568.6,0.0,120
2025-05-30 13:01:53.258,-2.88,3.17,-0.83,3.79,1.25,12.25,171.39,1.1,22.7,1.25,566.52,235,22,171.39,568.6,0.0,110
2025-05-30 13:01:53.310,-2.88,3.17,-0.83,3.79,1.25,12.25,171.76,0.98,22.7,1.67,566.49,217,22,171.39,568.6,0.0,110
2025-05-30 13:01:53.361,-2.88,3.17,-0.83,3.79,1.25,12.25,171.76,0.85,22.7,1.53,566.3,217,22,171.39,568.6,0.0,110
2025-05-30 13:01:53.412,-2.88,3.17,-0.83,3.79,1.25,12.25,171.58,0.98,22.6,1.53,566.33,215,22,171.39,568.6,0.0,110
2025-05-30 13:01:53.462,-2.88,3.17,-0.83,3.79,1.25,12.25,171.58,1.1,22.6,1.53,566.33,220,22,171.39,568.6,0.0,110
2025-05-30 13:01:53.514,-2.88,3.17,-0.83,3.79,1.25,12.25,171.39,0.98,22.6,1.53,566.3,221,22,171.39,568.6,0.0,110
2025-05-30 13:01:53.564,-2.88,3.17,-0.83,3.79,1.25,12.25,171.21,0.73,22.6,1.67,566.3,220,22,171.39,568.6,0.0,110
2025-05-30 13:01:53.615,-2.88,3.17,-0.83,3.79,1.25,12.25,171.39,0.73,22.6,1.39,566.33,221,22,171.39,568.6,0.0,110
2025-05-30 13:01:53.666,-2.88,3.17,-0.83,3.79,1.25,12.25,171.39,0.73,22.6,1.67,566.43,231,22,171.39,568.6,0.0,120
2025-05-30 13:01:53.716,-2.88,3.17,-0.83,3.79,1.25,12.25,171.21,0.98,22.6,1.8,566.43,231,22,171.39,568.6,0.0,120
2025-05-30 13:01:53.767,-2.88,3.16,-0.83,3.79,1.24,12.152,171.21,0.85,22.6,1.53,566.46,224,22,171.39,568.6,0.0,110
2025-05-30 13:01:53.818,-3.06,3.16,-0.83,3.79,1.06,10.388,171.21,1.22,22.6,1.53,566.37,221,22,171.39,568.6,0.0,110
2025-05-30 13:01:53.870,-3.06,3.16,-0.83,3.79,1.06,10.388,171.03,1.1,22.6,1.8,566.37,229,22,171.39,568.6,0.0,120
2025-05-30 13:01:53.920,-3.06,3.16,-0.83,3.79,1.06,10.388,171.39,1.1,22.6,1.53,566.37,240,22,171.39,568.6,0.0,120
2025-05-30 13:01:53.971,-3.06,3.16,-0.83,3.79,1.06,10.388,171.39,1.1,22.7,1.53,566.49,219,22,171.39,568.5,0.0,120
2025-05-30 13:01:54.022,-3.06,3.16,-0.83,3.79,1.06,10.388,171.39,0.98,22.7,1.53,566.52,219,22,171.39,568.5,0.0,120
2025-05-30 13:01:54.072,-3.06,3.16,-0.83,3.79,1.06,10.388,171.39,1.34,22.7,1.8,566.33,240,22,171.39,568.5,0.0,110
2025-05-30 13:01:54.123,-3.06,3.16,-0.68,3.69,1.11,10.878,171.39,1.1,22.6,1.8,566.4,233,22,171.39,568.5,0.0,110
2025-05-30 13:01:54.173,-3.06,3.16,-0.68,3.69,1.11,10.878,171.39,0.73,22.7,1.8,566.37,223,22,171.39,568.6,0.0,110
2025-05-30 13:01:54.224,-3.06,3.16,-0.68,3.69,1.11,10.878,171.58,0.73,22.6,1.53,566.43,208,22,171.39,568.6,0.0,110
2025-05-30 13:01:54.275,-3.06,3.16,-0.68,3.69,1.11,10.878,171.58,0.73,22.6,1.67,566.43,214,22,171.39,568.6,0.0,110
2025-05-30 13:01:54.326,-3.06,3.16,-0.68,3.69,1.11,10.878,171.39,0.98,22.6,1.39,566.37,219,22,171.39,568.6,0.0,110
2025-05-30 13:01:54.377,-3.06,3.16,-0.68,3.69,1.11,10.878,171.21,0.73,22.6,1.67,566.24,219,22,171.39,568.6,0.0,110
2025-05-30 13:01:54.427,-3.06,3.16,-0.68,3.69,1.11,10.878,171.21,0.85,22.6,1.8,566.3,233,22,171.39,568.6,0.0,110
2025-05-30 13:01:54.478,-3.06,3.16,-0.68,3.69,1.11,10.878,171.21,0.98,22.6,1.8,566.33,230,22,171.39,568.6,0.0,110
2025-05-30 13:01:54.528,-3.06,3.16,-0.68,3.69,1.11,10.878,171.39,0.98,22.6,1.8,566.4,225,22,171.39,568.6,0.0,110
2025-05-30 13:01:54.579,-3.06,3.16,-0.68,3.69,1.11,10.878,171.39,0.98,22.6,1.67,566.4,225,22,171.39,568.6,0.0,110
2025-05-30 13:01:54.634,-3.06,3.16,-0.68,3.69,1.11,10.878,171.21,0.98,22.6,2.08,566.46,244,22,171.39,568.6,0.0,110
2025-05-30 13:01:54.685,-3.06,3.2,-0.68,3.69,1.15,11.27,171.39,0.98,22.6,1.94,566.33,244,22,171.39,568.6,0.0,110
2025-05-30 13:01:54.736,-3.06,3.2,-0.68,3.69,1.15,11.27,171.39,1.1,22.6,1.94,566.33,244,22,171.39,568.6,0.0,110
2025-05-30 13:01:54.787,-3.01,3.2,-0.68,3.69,1.2,11.76,171.76,0.85,22.6,1.53,566.4,216,22,171.39,568.6,0.0,120
2025-05-30 13:01:54.837,-3.01,3.2,-0.68,3.69,1.2,11.76,171.76,0.73,22.6,1.53,566.3,212,22,171.39,568.6,0.0,120
2025-05-30 13:01:54.888,-3.01,3.2,-0.68,3.69,1.2,11.76,171.76,0.85,22.6,1.53,566.3,210,22,171.39,568.6,0.0,110
2025-05-30 13:01:54.938,-3.01,3.2,-0.68,3.69,1.2,11.76,171.58,0.85,22.6,1.8,566.3,233,22,171.39,568.6,0.0,110
2025-05-30 13:01:54.989,-3.01,3.2,-0.68,3.69,1.2,11.76,171.39,0.61,22.6,1.67,566.21,229,22,171.39,568.6,0.0,110
2025-05-30 13:01:55.040,-3.01,3.2,-0.68,3.69,1.2,11.76,171.21,0.85,22.6,1.8,566.21,229,22,171.39,568.6,0.0,110
2025-05-30 13:01:55.091,-3.01,3.2,-0.74,3.69,1.14,11.172,171.39,0.73,22.6,1.53,566.24,228,22,171.39,568.6,0.0,110
2025-05-30 13:01:55.141,-3.01,3.2,-0.74,3.69,1.14,11.172,171.39,0.85,22.6,1.8,566.27,210,22,171.39,568.6,0.0,110
2025-05-30 13:01:55.192,-3.01,3.2,-0.74,3.69,1.14,11.172,171.39,0.85,22.6,1.8,566.33,224,22,171.39,568.6,0.0,110
2025-05-30 13:01:55.243,-3.01,3.2,-0.74,3.69,1.14,11.172,171.03,0.85,22.6,1.8,566.4,226,22,171.39,568.6,0.0,110
2025-05-30 13:01:55.294,-3.01,3.2,-0.74,3.69,1.14,11.172,171.03,0.85,22.6,1.8,566.4,233,22,171.39,568.6,0.0,110
2025-05-30 13:01:55.344,-3.01,3.2,-0.74,3.69,1.14,11.172,171.03,1.1,22.6,1.67,566.37,232,22,171.39,568.6,0.0,110
2025-05-30 13:01:55.398,-3.01,3.2,-0.74,3.65,1.1,10.78,171.21,0.85,22.6,1.8,566.27,232,22,171.39,568.6,0.0,110
2025-05-30 13:01:55.448,-3.01,3.2,-0.74,3.65,1.1,10.78,171.21,0.61,22.6,1.8,566.4,224,22,171.39,568.6,0.0,110
2025-05-30 13:01:55.499,-3.01,3.2,-0.74,3.65,1.1,10.78,171.21,0.85,22.6,1.8,566.3,226,22,171.39,568.6,0.0,110
2025-05-30 13:01:55.549,-3.01,3.2,-0.74,3.65,1.1,10.78,171.03,0.98,22.6,1.8,566.27,235,22,171.39,568.6,0.0,110
2025-05-30 13:01:55.600,-3.01,3.2,-0.74,3.65,1.1,10.78,171.21,0.98,22.6,1.53,566.27,234,22,171.39,568.6,0.0,110
2025-05-30 13:01:55.652,-3.01,3.23,-0.74,3.65,1.13,11.074,171.21,0.85,22.6,1.8,566.4,226,22,171.39,568.5,0.0,110
2025-05-30 13:01:55.703,-3.01,3.23,-0.74,3.65,1.13,11.074,171.58,0.73,22.7,1.53,566.46,224,22,171.39,568.5,0.0,110
2025-05-30 13:01:55.753,-2.97,3.23,-0.74,3.65,1.17,11.466,171.76,0.85,22.7,1.25,566.37,224,22,171.39,568.6,0.0,120
2025-05-30 13:01:55.804,-2.97,3.23,-0.74,3.65,1.17,11.466,171.39,0.85,22.7,1.39,566.52,219,22,171.39,568.6,0.0,120
2025-05-30 13:01:55.855,-2.97,3.23,-0.74,3.65,1.17,11.466,171.39,0.98,22.7,1.39,566.59,228,22,171.39,568.6,0.0,110
2025-05-30 13:01:55.906,-2.97,3.23,-0.74,3.65,1.17,11.466,171.39,0.98,22.7,1.39,566.59,202,22,171.39,568.6,0.0,110
2025-05-30 13:01:55.956,-2.97,3.23,-0.74,3.65,1.17,11.466,171.21,0.98,22.7,1.25,566.59,220,22,171.39,568.6,0.0,110
2025-05-30 13:01:56.007,-2.97,3.23,-0.77,3.65,1.14,11.172,171.39,0.73,22.7,1.53,566.56,222,22,171.39,568.6,0.0,110
2025-05-30 13:01:56.058,-2.97,3.23,-0.77,3.65,1.14,11.172,171.21,0.98,22.7,1.53,566.59,222,22,171.39,568.6,0.0,110
2025-05-30 13:01:56.108,-2.97,3.23,-0.77,3.65,1.14,11.172,171.21,0.73,22.7,1.8,566.49,225,22,171.39,568.6,0.0,110
2025-05-30 13:01:56.159,-2.97,3.23,-0.77,3.65,1.14,11.172,171.21,0.85,22.7,1.8,566.62,249,22,171.39,568.6,0.0,120
2025-05-30 13:01:56.210,-2.97,3.23,-0.77,3.65,1.14,11.172,171.21,0.98,22.7,1.53,566.46,226,22,171.39,568.6,0.0,120
2025-05-30 13:01:56.261,-2.97,3.23,-0.77,3.65,1.14,11.172,171.39,0.98,22.7,1.39,566.37,233,22,171.39,568.6,0.0,120
2025-05-30 13:01:56.312,-2.97,3.23,-0.77,3.65,1.14,11.172,171.76,0.98,22.7,1.39,566.37,203,22,171.39,568.6,0.0,120
2025-05-30 13:01:56.363,-2.97,3.23,-0.77,3.65,1.14,11.172,171.76,0.73,22.7,1.25,566.49,211,22,171.39,568.6,0.0,120
2025-05-30 13:01:56.415,-2.97,3.23,-0.77,3.72,1.21,11.858,171.58,0.98,22.7,1.39,566.56,211,22,171.39,568.6,0.0,120
2025-05-30 13:01:56.465,-2.97,3.23,-0.77,3.72,1.21,11.858,171.58,0.98,22.7,1.53,566.56,208,22,171.39,568.6,0.0,100
2025-05-30 13:01:56.517,-2.97,3.23,-0.77,3.72,1.21,11.858,171.58,1.22,22.7,1.53,566.62,217,22,171.39,568.6,0.0,100
2025-05-30 13:01:56.568,-2.97,3.23,-0.77,3.72,1.21,11.858,171.39,0.85,22.7,1.25,566.56,211,22,171.39,568.6,0.0,110
2025-05-30 13:01:56.619,-2.97,3.17,-0.77,3.72,1.15,11.27,171.39,0.85,22.7,1.39,566.56,206,22,171.39,568.6,0.0,110
2025-05-30 13:01:56.670,-2.97,3.17,-0.77,3.72,1.15,11.27,171.21,0.73,22.7,1.53,566.43,215,22,171.39,568.6,0.0,120
2025-05-30 13:01:56.721,-2.97,3.17,-0.77,3.72,1.15,11.27,171.03,0.85,22.7,1.67,566.46,234,22,171.39,568.6,0.0,120
2025-05-30 13:01:56.772,-2.97,3.17,-0.77,3.72,1.15,11.27,171.03,0.61,22.7,1.39,566.49,234,22,171.39,568.5,0.0,110
2025-05-30 13:01:56.823,-2.97,3.17,-0.77,3.72,1.15,11.27,171.03,0.85,22.7,1.25,566.37,227,22,171.39,568.5,0.0,110
2025-05-30 13:01:56.874,-2.97,3.17,-0.77,3.72,1.15,11.27,171.03,0.98,22.7,1.25,566.46,227,22,171.39,568.6,0.0,110
2025-05-30 13:01:56.925,-2.97,3.17,-0.77,3.72,1.15,11.27,171.39,0.98,22.7,1.53,566.52,231,22,171.39,568.6,0.0,110
2025-05-30 13:01:56.976,-2.97,3.17,-0.89,3.72,1.03,10.094,171.39,0.98,22.7,1.25,566.52,234,22,171.39,568.6,0.0,120
2025-05-30 13:01:57.027,-2.97,3.17,-0.89,3.72,1.03,10.094,171.39,0.98,22.7,1.39,566.56,224,22,171.39,568.6,0.0,120
2025-05-30 13:01:57.078,-2.9,3.17,-0.89,3.72,1.1,10.78,171.58,0.73,22.7,1.39,566.68,224,22,171.39,568.6,0.0,110
2025-05-30 13:01:57.129,-2.9,3.17,-0.89,3.72,1.1,10.78,171.39,0.73,22.7,1.39,566.4,213,22,171.39,568.6,0.0,110
2025-05-30 13:01:57.179,-2.9,3.17,-0.89,3.72,1.1,10.78,171.58,0.98,22.7,1.11,566.27,208,22,171.39,568.6,0.0,110
2025-05-30 13:01:57.230,-2.9,3.17,-0.89,3.72,1.1,10.78,171.58,0.49,22.7,1.11,566.37,205,22,171.39,568.6,0.0,110
2025-05-30 13:01:57.281,-2.9,3.17,-0.89,3.72,1.1,10.78,171.39,0.85,22.6,1.39,566.33,216,22,171.39,568.6,0.0,110
2025-05-30 13:01:57.332,-2.9,3.17,-0.89,3.72,1.1,10.78,171.21,0.85,22.6,1.39,566.33,225,22,171.39,568.6,0.0,110
2025-05-30 13:01:57.383,-2.9,3.17,-0.89,3.8,1.18,11.564,171.21,0.98,22.6,1.39,566.4,214,22,171.39,568.6,0.0,120
2025-05-30 13:01:57.434,-2.9,3.17,-0.89,3.8,1.18,11.564,171.03,0.85,22.6,1.67,566.4,214,22,171.39,568.6,0.0,120
2025-05-30 13:01:57.485,-2.9,3.17,-0.89,3.8,1.18,11.564,171.39,0.98,22.6,1.25,566.37,240,22,171.39,568.6,0.0,110
2025-05-30 13:01:57.536,-2.9,3.17,-0.89,3.8,1.18,11.564,171.39,0.73,22.6,1.25,566.4,221,22,171.39,568.6,0.0,110
2025-05-30 13:01:57.586,-2.9,3.13,-0.89,3.8,1.14,11.172,171.39,0.85,22.6,1.53,566.37,222,22,171.39,568.6,0.0,120
2025-05-30 13:01:57.638,-2.9,3.13,-0.89,3.8,1.14,11.172,171.39,0.85,22.6,1.53,566.37,225,22,171.39,568.6,0.0,120
2025-05-30 13:01:57.689,-2.9,3.13,-0.89,3.8,1.14,11.172,171.58,1.22,22.7,1.53,566.49,221,22,171.39,568.5,0.0,120
2025-05-30 13:01:57.740,-2.9,3.13,-0.89,3.8,1.14,11.172,171.39,0.85,22.7,1.39,566.46,219,22,171.39,568.5,0.0,120
2025-05-30 13:01:57.790,-2.9,3.13,-0.89,3.8,1.14,11.172,171.58,0.98,22.7,1.39,566.46,219,22,171.39,568.6,0.0,120
2025-05-30 13:01:57.841,-2.9,3.13,-0.89,3.8,1.14,11.172,171.58,1.22,22.7,1.53,566.46,207,22,171.39,568.6,0.0,120
2025-05-30 13:01:57.892,-2.9,3.13,-0.89,3.8,1.14,11.172,171.58,1.22,22.7,1.53,566.4,209,22,171.39,568.6,0.0,100
2025-05-30 13:01:57.942,-2.9,3.13,-0.89,3.8,1.14,11.172,171.21,0.98,22.7,1.39,566.49,224,22,171.39,568.6,0.0,100
2025-05-30 13:01:57.993,-2.9,3.13,-0.89,3.8,1.14,11.172,171.39,0.98,22.7,1.39,566.49,220,22,171.39,568.6,0.0,110
2025-05-30 13:01:58.044,-2.9,3.13,-0.89,3.8,1.14,11.172,171.21,0.98,22.7,1.39,566.43,209,22,171.39,568.6,0.0,110
2025-05-30 13:01:58.095,-2.9,3.13,-0.89,3.8,1.14,11.172,171.39,0.98,22.7,1.53,566.56,209,22,171.39,568.6,0.0,110
2025-05-30 13:01:58.146,-2.9,3.13,-0.89,3.8,1.14,11.172,171.21,1.22,22.7,1.39,566.59,208,22,171.39,568.6,0.0,110
2025-05-30 13:01:58.198,-2.9,3.13,-0.89,3.8,1.14,11.172,171.21,1.1,22.7,1.53,566.68,214,22,171.39,568.6,0.0,110
2025-05-30 13:01:58.249,-2.9,3.13,-0.89,3.8,1.14,11.172,171.21,1.22,22.7,1.53,566.71,233,22,171.39,568.6,0.0,110
2025-05-30 13:01:58.300,-2.9,3.13,-0.89,3.8,1.14,11.172,171.21,1.22,22.8,1.53,566.65,233,22,171.39,568.6,0.0,100
2025-05-30 13:01:58.350,-2.9,3.13,-0.89,3.77,1.11,10.878,171.39,1.22,22.8,1.39,566.65,227,22,171.39,568.6,0.0,110
2025-05-30 13:01:58.401,-2.9,3.13,-0.89,3.77,1.11,10.878,171.76,1.22,22.8,1.25,566.71,204,22,171.39,568.6,0.0,110
2025-05-30 13:01:58.451,-2.9,3.13,-0.89,3.77,1.11,10.878,171.76,0.85,22.8,1.11,566.71,204,22,171.39,568.6,0.0,110
2025-05-30 13:01:58.502,-2.9,3.14,-0.89,3.77,1.12,10.976,171.58,1.1,22.8,1.11,566.59,216,22,171.39,568.6,0.0,110
2025-05-30 13:01:58.553,-2.9,3.14,-0.89,3.77,1.12,10.976,171.58,1.1,22.8,1.11,566.68,210,22,171.39,568.6,0.0,110
2025-05-30 13:01:58.603,-2.9,3.14,-0.89,3.77,1.12,10.976,171.58,1.34,22.8,1.25,566.71,214,22,171.39,568.6,0.0,110
2025-05-30 13:01:58.654,-2.9,3.14,-0.89,3.77,1.12,10.976,171.39,1.34,22.8,1.11,566.71,204,22,171.39,568.6,0.0,110
2025-05-30 13:01:58.705,-2.9,3.14,-0.89,3.77,1.12,10.976,171.58,0.98,22.8,1.39,566.74,224,22,171.39,568.6,0.0,110
2025-05-30 13:01:58.756,-2.9,3.14,-0.89,3.77,1.12,10.976,171.39,0.85,22.8,1.25,566.81,224,22,171.39,568.6,0.0,110
2025-05-30 13:01:58.806,-2.9,3.14,-0.89,3.77,1.12,10.976,171.39,1.22,22.8,1.39,566.56,209,22,171.39,568.6,0.0,110
2025-05-30 13:01:58.857,-2.9,3.14,-0.89,3.77,1.12,10.976,171.39,1.1,22.8,1.39,566.59,217,22,171.39,568.6,0.0,110
2025-05-30 13:01:58.914,-2.9,3.14,-0.89,3.77,1.12,10.976,171.39,1.1,22.8,1.39,566.49,213,22,171.39,568.6,0.0,110
2025-05-30 13:01:58.964,-2.9,3.14,-0.89,3.77,1.12,10.976,171.39,1.1,22.7,1.11,566.62,207,22,171.39,568.6,0.0,110
2025-05-30 13:01:59.016,-2.9,3.14,-0.89,3.77,1.12,10.976,171.58,0.73,22.8,1.11,566.56,217,22,171.39,568.6,0.0,110
2025-05-30 13:01:59.067,-2.9,3.14,-0.89,3.77,1.12,10.976,171.39,0.73,22.7,1.25,566.56,221,22,171.39,568.6,0.0,110
2025-05-30 13:01:59.118,-2.84,3.14,-0.89,3.77,1.18,11.564,171.21,0.98,22.7,1.25,566.52,215,22,171.39,568.6,0.0,110
2025-05-30 13:01:59.168,-2.84,3.14,-0.92,3.77,1.15,11.27,171.39,1.22,22.7,1.25,566.59,215,22,171.39,568.6,0.0,110
2025-05-30 13:01:59.219,-2.84,3.14,-0.92,3.77,1.15,11.27,171.21,1.1,22.7,1.11,566.46,214,22,171.39,568.6,0.0,110
2025-05-30 13:01:59.270,-2.84,3.14,-0.92,3.77,1.15,11.27,171.21,0.73,22.7,1.11,566.46,209,22,171.39,568.6,0.0,110
2025-05-30 13:01:59.320,-2.84,3.14,-0.92,3.79,1.17,11.466,171.39,0.98,22.7,0.83,566.46,213,22,171.39,568.6,0.0,110
2025-05-30 13:01:59.371,-2.84,3.14,-0.92,3.79,1.17,11.466,171.21,0.98,22.7,1.39,566.46,219,22,171.39,568.6,0.0,110
2025-05-30 13:01:59.422,-2.84,3.14,-0.92,3.79,1.17,11.466,171.03,0.98,22.7,1.25,566.52,216,22,171.39,568.6,0.0,110
2025-05-30 13:01:59.472,-2.84,3.15,-0.92,3.79,1.18,11.564,171.21,1.1,22.7,1.25,566.49,216,22,171.39,568.6,0.0,110
2025-05-30 13:01:59.523,-2.84,3.15,-0.92,3.79,1.18,11.564,171.03,0.98,22.7,1.25,566.59,228,22,171.39,568.6,0.0,110
2025-05-30 13:01:59.573,-2.84,3.15,-0.92,3.79,1.18,11.564,171.03,1.1,22.7,1.25,566.74,223,22,171.39,568.6,0.0,110
2025-05-30 13:01:59.624,-2.84,3.15,-0.92,3.79,1.18,11.564,171.21,0.98,22.8,1.25,566.65,212,22,171.39,568.6,0.0,110
2025-05-30 13:01:59.675,-2.84,3.15,-0.92,3.79,1.18,11.564,171.21,1.1,22.8,1.39,566.65,238,22,171.39,568.5,0.0,110
2025-05-30 13:01:59.725,-2.84,3.15,-0.92,3.79,1.18,11.564,171.03,1.1,22.8,1.53,566.62,228,22,171.39,568.5,0.0,110
2025-05-30 13:01:59.776,-2.84,3.15,-0.92,3.79,1.18,11.564,171.21,0.85,22.8,1.11,566.62,237,22,171.39,568.6,0.0,120
2025-05-30 13:01:59.827,-2.84,3.15,-0.92,3.79,1.18,11.564,171.39,1.22,22.8,1.25,566.62,237,22,171.39,568.6,0.0,120
2025-05-30 13:01:59.878,-2.84,3.15,-0.92,3.79,1.18,11.564,171.76,0.98,22.8,1.39,566.62,229,22,171.39,568.6,0.0,110
2025-05-30 13:01:59.928,-2.84,3.15,-0.92,3.79,1.18,11.564,171.76,0.61,22.7,1.39,566.52,204,22,171.39,568.6,0.0,110
2025-05-30 13:01:59.979,-2.84,3.15,-0.92,3.79,1.18,11.564,171.76,1.1,22.7,1.39,566.43,203,22,171.39,568.6,0.0,120
2025-05-30 13:02:00.030,-2.84,3.15,-0.92,3.79,1.18,11.564,171.58,1.1,22.7,1.11,566.43,207,22,171.39,568.6,0.0,120
2025-05-30 13:02:00.081,-2.85,3.15,-0.92,3.79,1.17,11.466,171.58,0.98,22.7,1.11,566.43,218,22,171.39,568.6,0.0,110
2025-05-30 13:02:00.131,-2.85,3.15,-0.91,3.79,1.18,11.564,171.39,1.1,22.7,1.25,566.52,218,22,171.39,568.6,0.0,110
2025-05-30 13:02:00.182,-2.85,3.15,-0.91,3.79,1.18,11.564,171.58,0.98,22.7,1.11,566.68,205,22,171.39,568.6,0.0,110
2025-05-30 13:02:00.232,-2.85,3.15,-0.91,3.79,1.18,11.564,171.58,1.22,22.7,1.11,566.56,209,22,171.39,568.6,0.0,110
2025-05-30 13:02:00.283,-2.85,3.15,-0.91,3.79,1.18,11.564,171.39,1.1,22.7,1.11,566.65,209,22,171.39,568.6,0.0,110
